ORGID,Rank,TechniqueID,AE_Score,MLP_Score,Ensemble_Score,Already_Covered
1,1,T1047,0.2299,0.8953,0.5626,0
1,2,T1596.003,0.0724,0.7232,0.3978,0
1,3,T1499.001,0.0324,0.7384,0.3854,0
1,4,T1496.002,0.0172,0.7306,0.3739,0
1,5,T1218.005,0.0591,0.6516,0.3554,0
1,6,T1098.005,0.0287,0.6559,0.3423,0
1,7,T1562.007,0.0191,0.6381,0.3286,0
1,8,T1560.003,0.0498,0.5513,0.3005,0
1,9,T1071.004,0.0737,0.4534,0.2635,0
1,10,T1074.001,0.0605,0.4466,0.2536,0
1,11,T1087,0.0025,0.4572,0.2298,0
1,12,T1213.006,0.0479,0.3988,0.2233,0
1,13,T1585.001,0.0084,0.36,0.1842,0
1,14,T1591.004,0.0024,0.3276,0.165,0
1,15,T1567.001,0.0217,0.2844,0.153,0
2,1,T1591.004,0.3162,0.6213,0.4688,0
2,2,T1586.003,0.0348,0.6185,0.3267,0
2,3,T1195.002,0.0231,0.6236,0.3233,0
2,4,T1222.002,0.0383,0.5956,0.317,0
2,5,T1590.003,0.0394,0.5843,0.3119,0
2,6,T1027.010,0.0326,0.5767,0.3046,0
2,7,T1071.004,0.142,0.437,0.2895,0
2,8,T1087,0.0406,0.5171,0.2789,0
2,9,T1074.001,0.0917,0.4548,0.2733,0
2,10,T1027.011,0.0233,0.4984,0.2608,0
2,11,T1585.001,0.0404,0.4788,0.2596,0
2,12,T1213.006,0.111,0.3862,0.2486,0
2,13,T1039,0.0207,0.4596,0.2401,0
2,14,T1608.005,0.0358,0.4307,0.2332,0
2,15,T1589.003,0.0343,0.3824,0.2084,0
3,1,T1622,0.0629,0.8143,0.4386,0
3,2,T1195.002,0.003,0.7742,0.3886,0
3,3,T1027.011,0.0251,0.749,0.387,0
3,4,T1021.002,0.0136,0.73,0.3718,0
3,5,T1496.002,0.0328,0.7077,0.3702,0
3,6,T1059,0.0299,0.7056,0.3678,0
3,7,T1499.001,0.032,0.6672,0.3496,0
3,8,T1098.005,0.0205,0.6625,0.3415,0
3,9,T1070.010,0.0272,0.642,0.3346,0
3,10,T1213.006,0.2026,0.4293,0.316,0
3,11,T1586.003,0.0063,0.6164,0.3114,0
3,12,T1562.007,0.0105,0.6088,0.3097,0
3,13,T1070.006,0.0245,0.5783,0.3014,0
3,14,T1074.001,0.1564,0.441,0.2987,0
3,15,T1585,0.0207,0.5614,0.2911,0
4,1,T1204.001,0.2832,0.654,0.4686,0
4,2,T1622,0.0094,0.8145,0.4119,0
4,3,T1584.001,0.2948,0.4752,0.385,0
4,4,T1583.003,0.324,0.4445,0.3842,0
4,5,T1496.002,0.0005,0.7514,0.3759,0
4,6,T1499.001,0.0018,0.7265,0.3641,0
4,7,T1027.011,0.0968,0.6167,0.3568,0
4,8,T1195.002,0.0655,0.6296,0.3475,0
4,9,T1098.005,0.0012,0.6872,0.3442,0
4,10,T1567.004,0.2094,0.4442,0.3268,0
4,11,T1021.002,0.0204,0.6187,0.3196,0
4,12,T1562.007,0.0013,0.632,0.3166,0
4,13,T1059,0.0919,0.5343,0.3131,0
4,14,T1586.003,0.0094,0.6091,0.3093,0
4,15,T1590.003,0.0152,0.5129,0.264,0
5,1,T1204.001,0.2403,0.697,0.4687,0
5,2,T1560.003,0.1394,0.6656,0.4025,0
5,3,T1070.010,0.006,0.7508,0.3784,0
5,4,T1585,0.0016,0.7213,0.3614,0
5,5,T1566,0.0023,0.7124,0.3574,0
5,6,T1070.006,0.0012,0.6976,0.3494,0
5,7,T1583.003,0.2118,0.4776,0.3447,0
5,8,T1027.010,0.011,0.6507,0.3309,0
5,9,T1591.004,0.0129,0.6465,0.3297,0
5,10,T1585.002,0.0039,0.6512,0.3276,0
5,11,T1584.001,0.1743,0.4628,0.3186,0
5,12,T1217,0.2479,0.3691,0.3085,0
5,13,T1087,0.0009,0.5893,0.2951,0
5,14,T1567.004,0.1672,0.4166,0.2919,0
5,15,T1039,0.0531,0.5305,0.2918,0
6,1,T1070.010,0.2561,0.7659,0.511,0
6,2,T1585,0.1941,0.751,0.4726,0
6,3,T1566,0.235,0.6754,0.4552,0
6,4,T1585.002,0.2089,0.681,0.4449,0
6,5,T1070.006,0.2026,0.686,0.4443,0
6,6,T1204.001,0.0757,0.6717,0.3737,0
6,7,T1195.002,0.035,0.7032,0.3691,0
6,8,T1590.003,0.0612,0.6734,0.3673,0
6,9,T1222.002,0.0434,0.6151,0.3293,0
6,10,T1074.001,0.0123,0.5591,0.2857,0
6,11,T1071.004,0.0081,0.5454,0.2767,0
6,12,T1213.006,0.0066,0.5067,0.2567,0
6,13,T1217,0.0845,0.4067,0.2456,0
6,14,T1583.003,0.0696,0.3588,0.2142,0
6,15,T1027.011,0.0003,0.4217,0.211,0
7,1,T1027.010,0.0872,0.6005,0.3439,0
7,2,T1560.003,0.2061,0.4526,0.3294,0
7,3,T1195.002,0.0517,0.5873,0.3195,0
7,4,T1591.004,0.0233,0.5557,0.2895,0
7,5,T1074.001,0.1121,0.4273,0.2697,0
7,6,T1590.003,0.0524,0.4666,0.2595,0
7,7,T1586.003,0.032,0.4852,0.2586,0
7,8,T1222.002,0.0608,0.4497,0.2553,0
7,9,T1213.006,0.1294,0.3769,0.2531,0
7,10,T1071.004,0.1188,0.3611,0.24,0
7,11,T1087,0.0086,0.4434,0.226,0
7,12,T1217,0.0491,0.3983,0.2237,0
7,13,T1585.001,0.005,0.4104,0.2077,0
7,14,T1480,0.0289,0.3673,0.1981,0
7,15,T1589.003,0.008,0.3673,0.1877,0
8,1,T1070.010,0.0301,0.6847,0.3574,0
8,2,T1585.001,0.0824,0.6224,0.3524,0
8,3,T1070.006,0.0228,0.6779,0.3503,0
8,4,T1087,0.0751,0.6252,0.3501,0
8,5,T1566,0.0188,0.6796,0.3492,0
8,6,T1585,0.0245,0.6704,0.3475,0
8,7,T1608.005,0.0749,0.5712,0.323,0
8,8,T1585.002,0.0297,0.6081,0.3189,0
8,9,T1608.002,0.0747,0.5421,0.3084,0
8,10,T1021.002,0.0558,0.5597,0.3078,0
8,11,T1039,0.0593,0.4874,0.2733,0
8,12,T1027.011,0.0421,0.4986,0.2704,0
8,13,T1589.003,0.0598,0.48,0.2699,0
8,14,T1071.004,0.082,0.4241,0.2531,0
8,15,T1074.001,0.1041,0.3884,0.2462,0
9,1,T1222.001,0.1542,0.8158,0.485,0
9,2,T1027.010,0.0908,0.6111,0.351,0
9,3,T1082,0.0658,0.6187,0.3423,0
9,4,T1584.001,0.2072,0.4317,0.3194,0
9,5,T1564.008,0.0565,0.5698,0.3131,0
9,6,T1003.003,0.0643,0.5565,0.3104,0
9,7,T1070.006,0.0223,0.5968,0.3096,0
9,8,T1070.010,0.0302,0.5881,0.3092,0
9,9,T1585,0.0263,0.5486,0.2874,0
9,10,T1567.004,0.2265,0.3461,0.2863,0
9,11,T1591.004,0.0329,0.5041,0.2685,0
9,12,T1585.002,0.0243,0.4976,0.261,0
9,13,T1583.003,0.17,0.3512,0.2606,0
9,14,T1087,0.0228,0.4791,0.251,0
9,15,T1566,0.0142,0.4651,0.2396,0
10,1,T1047,0.9781,0.9591,0.9686,0
10,2,T1218.005,0.9313,0.8228,0.8771,0
10,3,T1195.002,0.0048,0.8049,0.4049,0
10,4,T1586.003,0.0153,0.6809,0.3481,0
10,5,T1222.002,0.0054,0.6723,0.3389,0
10,6,T1590.003,0.0219,0.6521,0.337,0
10,7,T1559.002,0.2218,0.45,0.3359,0
10,8,T1074.001,0.0544,0.6099,0.3321,0
10,9,T1039,0.0024,0.635,0.3187,0
10,10,T1027.011,0.0009,0.6331,0.317,0
10,11,T1217,0.0048,0.6172,0.311,0
10,12,T1071.004,0.0566,0.5631,0.3098,0
10,13,T1213.006,0.0556,0.5624,0.309,0
10,14,T1560.003,0.0405,0.5427,0.2916,0
10,15,T1021.002,0.0012,0.5606,0.2809,0
11,1,T1027.010,0.1071,0.6805,0.3938,0
11,2,T1584.001,0.2534,0.4991,0.3763,0
11,3,T1583.003,0.2851,0.4638,0.3745,0
11,4,T1567.004,0.245,0.437,0.341,0
11,5,T1586.003,0.0424,0.6265,0.3344,0
11,6,T1071.004,0.065,0.6021,0.3336,0
11,7,T1195.002,0.0266,0.6374,0.332,0
11,8,T1074.001,0.0347,0.6042,0.3195,0
11,9,T1213.006,0.0556,0.5776,0.3166,0
11,10,T1590.003,0.0387,0.5915,0.3151,0
11,11,T1087,0.067,0.5612,0.3141,0
11,12,T1222.002,0.035,0.5435,0.2893,0
11,13,T1608.005,0.0608,0.4788,0.2698,0
11,14,T1027.011,0.0547,0.4804,0.2676,0
11,15,T1585.001,0.0475,0.4717,0.2596,0
12,1,T1204.001,0.9264,0.8428,0.8846,0
12,2,T1027.011,0.0753,0.7643,0.4198,0
12,3,T1021.002,0.0512,0.7793,0.4152,0
12,4,T1039,0.0415,0.7715,0.4065,0
12,5,T1071.004,0.2501,0.5569,0.4035,0
12,6,T1074.001,0.2618,0.5039,0.3828,0
12,7,T1059,0.029,0.7263,0.3776,0
12,8,T1591.004,0.0841,0.629,0.3566,0
12,9,T1213.006,0.2283,0.4664,0.3474,0
12,10,T1560.003,0.1006,0.5444,0.3225,0
12,11,T1027.010,0.0203,0.56,0.2901,0
12,12,T1585.001,0.0078,0.548,0.2779,0
12,13,T1087,0.0061,0.5204,0.2633,0
12,14,T1608.005,0.0083,0.4662,0.2373,0
12,15,T1567.003,0.0909,0.3633,0.2271,0
13,1,T1622,0.7401,0.9096,0.8249,0
13,2,T1218.005,0.706,0.8404,0.7732,0
13,3,T1047,0.4351,0.9342,0.6847,0
13,4,T1585,0.4523,0.5417,0.497,0
13,5,T1070.010,0.4119,0.5287,0.4703,0
13,6,T1070.006,0.2788,0.5749,0.4269,0
13,7,T1591.004,0.073,0.7574,0.4152,0
13,8,T1195.002,0.1376,0.6923,0.415,0
13,9,T1496.002,0.0161,0.7937,0.4049,0
13,10,T1027.010,0.061,0.7366,0.3988,0
13,11,T1566,0.3274,0.4686,0.398,0
13,12,T1499.001,0.0094,0.7844,0.3969,0
13,13,T1560.003,0.1611,0.6276,0.3943,0
13,14,T1585.002,0.3325,0.4491,0.3908,0
13,15,T1087,0.0402,0.733,0.3866,0
14,1,T1204.001,0.2002,0.7389,0.4696,0
14,2,T1070.003,0.0234,0.8281,0.4258,0
14,3,T1039,0.0786,0.6438,0.3612,0
14,4,T1027.011,0.0475,0.6242,0.3358,0
14,5,T1021.002,0.0498,0.6049,0.3274,0
14,6,T1059,0.0459,0.5647,0.3053,0
14,7,T1082,0.0041,0.6038,0.304,0
14,8,T1564.008,0.0158,0.5349,0.2753,0
14,9,T1003.003,0.0068,0.5382,0.2725,0
14,10,T1217,0.0009,0.5341,0.2675,0
14,11,T1560.003,0.0047,0.4805,0.2426,0
14,12,T1583.003,0.0201,0.4624,0.2413,0
14,13,T1584.001,0.0197,0.4432,0.2315,0
14,14,T1071.004,0.0291,0.4337,0.2314,0
14,15,T1567.004,0.0311,0.4223,0.2267,0
15,1,T1567.002,0.3516,0.7042,0.5279,0
15,2,T1557,0.2645,0.735,0.4998,0
15,3,T1027.009,0.2535,0.7438,0.4987,0
15,4,T1048.001,0.1497,0.7346,0.4421,0
15,5,T1039,0.0148,0.6255,0.3202,0
15,6,T1027.011,0.0065,0.587,0.2968,0
15,7,T1021.002,0.0153,0.5732,0.2943,0
15,8,T1059,0.0177,0.5057,0.2617,0
15,9,T1567.004,0.0362,0.4733,0.2548,0
15,10,T1584.001,0.0453,0.4565,0.2509,0
15,11,T1071.004,0.0352,0.4656,0.2504,0
15,12,T1583.003,0.0586,0.4291,0.2438,0
15,13,T1074.001,0.0253,0.4463,0.2358,0
15,14,T1213.006,0.0347,0.4361,0.2354,0
15,15,T1560.003,0.0282,0.4383,0.2332,0
16,1,T1047,0.9282,0.9262,0.9272,0
16,2,T1596.003,0.972,0.7896,0.8808,0
16,3,T1218.005,0.9019,0.8176,0.8598,0
16,4,T1586.003,0.708,0.843,0.7755,0
16,5,T1590.003,0.333,0.7804,0.5567,0
16,6,T1222.002,0.2896,0.7536,0.5216,0
16,7,T1082,0.4747,0.5451,0.5099,0
16,8,T1562.007,0.1082,0.8751,0.4917,0
16,9,T1499.001,0.0513,0.9173,0.4843,0
16,10,T1496.002,0.0351,0.9052,0.4701,0
16,11,T1098.005,0.0521,0.8646,0.4583,0
16,12,T1222.001,0.217,0.6564,0.4367,0
16,13,T1564.008,0.3919,0.4595,0.4257,0
16,14,T1003.003,0.3442,0.4467,0.3955,0
16,15,T1071.004,0.0249,0.6009,0.3129,0
17,1,T1573.001,0.3401,0.8828,0.6115,0
17,2,T1567.002,0.1688,0.7303,0.4496,0
17,3,T1222.001,0.1304,0.7589,0.4447,0
17,4,T1048.001,0.1367,0.6988,0.4177,0
17,5,T1027.009,0.0979,0.7363,0.4171,0
17,6,T1557,0.1288,0.6665,0.3977,0
17,7,T1070.010,0.0362,0.6554,0.3458,0
17,8,T1591.004,0.0057,0.6429,0.3243,0
17,9,T1070.006,0.0513,0.5817,0.3165,0
17,10,T1566,0.0734,0.5367,0.305,0
17,11,T1087,0.0014,0.6076,0.3045,0
17,12,T1585.002,0.0757,0.5182,0.297,0
17,13,T1585,0.0397,0.5489,0.2943,0
17,14,T1560.003,0.1043,0.4776,0.2909,0
17,15,T1585.001,0.0007,0.5619,0.2813,0
18,1,T1537,0.0003,0.7615,0.3809,0
18,2,T1490,0.0064,0.7542,0.3803,0
18,3,T1622,0.0001,0.7583,0.3792,0
18,4,T1543.003,0.0001,0.7403,0.3702,0
18,5,T1071,0.0003,0.726,0.3631,0
18,6,T1553.005,0.0002,0.7246,0.3624,0
18,7,T1586.003,0.0266,0.656,0.3413,0
18,8,T1591.002,0.0017,0.6724,0.3371,0
18,9,T1204.001,0.0289,0.644,0.3364,0
18,10,T1027.004,0.0004,0.6704,0.3354,0
18,11,T1222.002,0.0176,0.5906,0.3041,0
18,12,T1590.003,0.0536,0.5207,0.2872,0
18,13,T1027.011,0.0218,0.5278,0.2748,0
18,14,T1496.002,0.0,0.5446,0.2723,0
18,15,T1070.010,0.0098,0.5081,0.2589,0
19,1,T1584.001,0.6201,0.6764,0.6482,0
19,2,T1567.004,0.5825,0.6748,0.6287,0
19,3,T1583.003,0.6162,0.634,0.6251,0
19,4,T1496.002,0.0871,0.7907,0.4389,0
19,5,T1098.005,0.1241,0.6844,0.4043,0
19,6,T1562.007,0.1165,0.6846,0.4005,0
19,7,T1499.001,0.062,0.6967,0.3794,0
19,8,T1027.010,0.0698,0.6649,0.3673,0
19,9,T1087,0.0301,0.618,0.3241,0
19,10,T1591.004,0.013,0.5382,0.2756,0
19,11,T1608.005,0.0302,0.5092,0.2697,0
19,12,T1070.004,0.2594,0.27,0.2647,0
19,13,T1222.001,0.0315,0.4892,0.2604,0
19,14,T1585.001,0.0115,0.499,0.2553,0
19,15,T1608.002,0.0165,0.4847,0.2506,0
20,1,T1222.001,0.8178,0.8159,0.8168,0
20,2,T1082,0.8211,0.6007,0.7109,0
20,3,T1564.008,0.7923,0.5559,0.6741,0
20,4,T1059.003,0.3545,0.9056,0.6301,0
20,5,T1003.003,0.7243,0.5341,0.6292,0
20,6,T1490,0.2711,0.9324,0.6018,0
20,7,T1591.002,0.291,0.9077,0.5994,0
20,8,T1537,0.2237,0.9366,0.5802,0
20,9,T1027.004,0.2186,0.9019,0.5603,0
20,10,T1553.005,0.1921,0.9256,0.5588,0
20,11,T1543.003,0.1728,0.9383,0.5556,0
20,12,T1071,0.1685,0.9363,0.5524,0
20,13,T1596.003,0.2777,0.8034,0.5406,0
20,14,T1218.005,0.1987,0.7756,0.4871,0
20,15,T1021.002,0.1234,0.5667,0.3451,0
21,1,T1195.002,0.0355,0.6271,0.3313,0
21,2,T1590.003,0.0508,0.5641,0.3074,0
21,3,T1027.010,0.0074,0.6042,0.3058,0
21,4,T1586.003,0.0528,0.5505,0.3017,0
21,5,T1222.002,0.0601,0.5072,0.2836,0
21,6,T1564.008,0.1477,0.3935,0.2706,0
21,7,T1082,0.1017,0.4298,0.2657,0
21,8,T1003.003,0.1741,0.3501,0.2621,0
21,9,T1087,0.0029,0.5136,0.2583,0
21,10,T1591.004,0.0606,0.4388,0.2497,0
21,11,T1071.004,0.073,0.4079,0.2404,0
21,12,T1585.001,0.0043,0.4312,0.2178,0
21,13,T1074.001,0.0564,0.372,0.2142,0
21,14,T1213.006,0.0751,0.3279,0.2015,0
21,15,T1589.003,0.0027,0.3629,0.1828,0
22,1,T1490,0.104,0.8195,0.4618,0
22,2,T1074.001,0.3299,0.5763,0.4531,0
22,3,T1537,0.0382,0.8477,0.4429,0
22,4,T1071,0.0421,0.8108,0.4264,0
22,5,T1543.003,0.0492,0.7975,0.4234,0
22,6,T1059.003,0.0722,0.7712,0.4217,0
22,7,T1027.004,0.0441,0.7584,0.4012,0
22,8,T1553.005,0.0301,0.7663,0.3982,0
22,9,T1591.002,0.0396,0.7564,0.398,0
22,10,T1496.002,0.0104,0.7235,0.3669,0
22,11,T1567.004,0.0473,0.6784,0.3628,0
22,12,T1222.001,0.1591,0.5544,0.3568,0
22,13,T1499.001,0.0085,0.7043,0.3564,0
22,14,T1071.004,0.1676,0.5437,0.3556,0
22,15,T1583.003,0.0224,0.6882,0.3553,0
23,1,T1222.001,0.9941,0.8978,0.946,0
23,2,T1027.004,0.8862,0.9246,0.9054,0
23,3,T1071,0.8524,0.9493,0.9009,0
23,4,T1490,0.8698,0.9273,0.8986,0
23,5,T1553.005,0.8103,0.9355,0.8729,0
23,6,T1591.002,0.8038,0.9201,0.862,0
23,7,T1543.003,0.7755,0.9399,0.8577,0
23,8,T1082,0.9071,0.7754,0.8413,0
23,9,T1564.008,0.9178,0.7134,0.8156,0
23,10,T1537,0.6634,0.9382,0.8008,0
23,11,T1003.003,0.8865,0.6916,0.7891,0
23,12,T1071.004,0.9338,0.5593,0.7465,0
23,13,T1074.001,0.9357,0.5316,0.7336,0
23,14,T1213.006,0.9362,0.5043,0.7203,0
23,15,T1070.010,0.6837,0.7093,0.6965,0
24,1,T1560.003,0.0215,0.5082,0.2648,0
24,2,T1583.003,0.0695,0.4227,0.2461,0
24,3,T1567.004,0.066,0.4225,0.2442,0
24,4,T1593.003,0.3021,0.1522,0.2272,0
24,5,T1217,0.092,0.3612,0.2266,0
24,6,T1074.001,0.0703,0.3398,0.205,0
24,7,T1071.004,0.0679,0.3376,0.2027,0
24,8,T1584.001,0.0354,0.367,0.2012,0
24,9,T1213.006,0.0849,0.2663,0.1756,0
24,10,T1480,0.0064,0.2819,0.1441,0
24,11,T1567.001,0.058,0.2229,0.1405,0
24,12,T1567.003,0.0072,0.2732,0.1402,0
24,13,T1583.005,0.1565,0.1198,0.1382,0
24,14,T1671,0.0329,0.2225,0.1277,0
24,15,T1558.002,0.0739,0.1752,0.1245,0
25,1,T1087,0.0722,0.7288,0.4005,0
25,2,T1591.004,0.0495,0.7328,0.3912,0
25,3,T1608.002,0.084,0.6412,0.3626,0
25,4,T1608.005,0.0752,0.6454,0.3603,0
25,5,T1039,0.0177,0.6744,0.3461,0
25,6,T1585.001,0.0267,0.6579,0.3423,0
25,7,T1027.011,0.0312,0.6397,0.3355,0
25,8,T1557,0.1202,0.5288,0.3245,0
25,9,T1021.002,0.0245,0.6238,0.3242,0
25,10,T1027.009,0.1325,0.5082,0.3204,0
25,11,T1589.003,0.0471,0.5893,0.3182,0
25,12,T1567.002,0.1355,0.4888,0.3121,0
25,13,T1048.001,0.0971,0.5132,0.3052,0
25,14,T1567.004,0.0782,0.5238,0.301,0
25,15,T1059,0.0351,0.5519,0.2935,0
26,1,T1496.002,0.0284,0.7273,0.3778,0
26,2,T1222.001,0.2103,0.5237,0.367,0
26,3,T1562.007,0.02,0.6394,0.3297,0
26,4,T1499.001,0.0181,0.6159,0.317,0
26,5,T1098.005,0.0194,0.6145,0.317,0
26,6,T1591.004,0.0448,0.5362,0.2905,0
26,7,T1027.010,0.0047,0.5503,0.2775,0
26,8,T1560.003,0.026,0.5147,0.2703,0
26,9,T1087,0.0046,0.5243,0.2645,0
26,10,T1585.001,0.0065,0.4618,0.2341,0
26,11,T1217,0.0226,0.3902,0.2064,0
26,12,T1608.005,0.0049,0.4033,0.2041,0
26,13,T1082,0.0334,0.3524,0.1929,0
26,14,T1608.002,0.0075,0.3658,0.1867,0
26,15,T1589.003,0.0039,0.3552,0.1796,0
27,1,T1222.001,0.6904,0.8462,0.7683,0
27,2,T1071.004,0.5809,0.7081,0.6445,0
27,3,T1074.001,0.5646,0.66,0.6123,0
27,4,T1213.006,0.5482,0.6292,0.5887,0
27,5,T1003.003,0.3667,0.7106,0.5387,0
27,6,T1496.002,0.1489,0.8648,0.5068,0
27,7,T1082,0.2812,0.7292,0.5052,0
27,8,T1499.001,0.1089,0.8322,0.4706,0
27,9,T1562.007,0.1265,0.7655,0.446,0
27,10,T1564.008,0.1457,0.7285,0.4371,0
27,11,T1098.005,0.0685,0.8007,0.4346,0
27,12,T1087,0.0095,0.8029,0.4062,0
27,13,T1591.004,0.0288,0.772,0.4004,0
27,14,T1027.010,0.0164,0.7755,0.3959,0
27,15,T1608.005,0.0129,0.7645,0.3887,0
28,1,T1204.001,0.7501,0.8556,0.8029,0
28,2,T1591.004,0.4145,0.5903,0.5024,0
28,3,T1195.002,0.0277,0.8425,0.4351,0
28,4,T1039,0.053,0.8065,0.4298,0
28,5,T1027.010,0.0985,0.7499,0.4242,0
28,6,T1074.001,0.2847,0.5463,0.4155,0
28,7,T1071.004,0.2535,0.5173,0.3854,0
28,8,T1021.002,0.0109,0.7536,0.3823,0
28,9,T1586.003,0.0262,0.7315,0.3788,0
28,10,T1027.011,0.0109,0.7298,0.3704,0
28,11,T1213.006,0.2743,0.4588,0.3666,0
28,12,T1087,0.0666,0.6463,0.3564,0
28,13,T1059,0.0145,0.6877,0.3511,0
28,14,T1590.003,0.032,0.6626,0.3473,0
28,15,T1222.002,0.0457,0.6332,0.3395,0
29,1,T1195.002,0.1764,0.6137,0.3951,0
29,2,T1222.001,0.2615,0.5135,0.3875,0
29,3,T1591.004,0.1037,0.66,0.3819,0
29,4,T1087,0.0872,0.6674,0.3773,0
29,5,T1585.001,0.0932,0.6344,0.3638,0
29,6,T1586.003,0.2056,0.4934,0.3495,0
29,7,T1608.005,0.0541,0.6113,0.3327,0
29,8,T1608.002,0.0704,0.5855,0.328,0
29,9,T1590.003,0.1685,0.4814,0.3249,0
29,10,T1589.003,0.0765,0.5499,0.3132,0
29,11,T1584.001,0.0512,0.5252,0.2882,0
29,12,T1082,0.153,0.4158,0.2844,0
29,13,T1567.004,0.028,0.5401,0.2841,0
29,14,T1222.002,0.129,0.4267,0.2778,0
29,15,T1003.003,0.1443,0.3967,0.2705,0
30,1,T1218.005,0.9529,0.7055,0.8292,0
30,2,T1596.003,0.7579,0.7553,0.7566,0
30,3,T1584.001,0.848,0.6551,0.7515,0
30,4,T1583.003,0.9007,0.5958,0.7483,0
30,5,T1567.004,0.7573,0.6041,0.6807,0
30,6,T1496.002,0.3708,0.8754,0.6231,0
30,7,T1499.001,0.3686,0.8388,0.6037,0
30,8,T1562.007,0.2754,0.8327,0.554,0
30,9,T1098.005,0.1921,0.8136,0.5028,0
30,10,T1222.001,0.1534,0.8426,0.498,0
30,11,T1003.003,0.1576,0.5877,0.3727,0
30,12,T1082,0.0925,0.6168,0.3546,0
30,13,T1564.008,0.1352,0.5378,0.3365,0
30,14,T1027.010,0.0032,0.6301,0.3167,0
30,15,T1591.004,0.0048,0.6065,0.3057,0
31,1,T1027.009,0.8956,0.8507,0.8732,0
31,2,T1567.002,0.867,0.8638,0.8654,0
31,3,T1048.001,0.9284,0.7943,0.8613,0
31,4,T1557,0.8311,0.8277,0.8294,0
31,5,T1553.005,0.6575,0.9179,0.7877,0
31,6,T1543.003,0.6319,0.9225,0.7772,0
31,7,T1071,0.5809,0.9373,0.7591,0
31,8,T1537,0.5675,0.9432,0.7553,0
31,9,T1591.002,0.5669,0.9096,0.7382,0
31,10,T1027.004,0.5159,0.905,0.7105,0
31,11,T1059.003,0.3939,0.8947,0.6443,0
31,12,T1039,0.3598,0.4264,0.3931,0
31,13,T1021.002,0.3943,0.3866,0.3904,0
31,14,T1027.011,0.325,0.4448,0.3849,0
31,15,T1027.010,0.0555,0.6692,0.3624,0
32,1,T1047,0.8879,0.9298,0.9089,0
32,2,T1596.003,0.8866,0.887,0.8868,0
32,3,T1218.005,0.845,0.8555,0.8502,0
32,4,T1222.001,0.6781,0.9078,0.7929,0
32,5,T1082,0.6308,0.8206,0.7257,0
32,6,T1564.008,0.525,0.7617,0.6434,0
32,7,T1586.003,0.5169,0.7639,0.6404,0
32,8,T1003.003,0.4973,0.7451,0.6212,0
32,9,T1222.002,0.2946,0.648,0.4713,0
32,10,T1590.003,0.2648,0.6731,0.469,0
32,11,T1213.006,0.0041,0.4822,0.2432,0
32,12,T1071.004,0.0111,0.4732,0.2421,0
32,13,T1074.001,0.0046,0.4665,0.2355,0
32,14,T1567.003,0.0407,0.4053,0.223,0
32,15,T1593.002,0.0042,0.4342,0.2192,0
33,1,T1222.001,0.1124,0.6803,0.3963,0
33,2,T1082,0.0483,0.6067,0.3275,0
33,3,T1560.003,0.2523,0.3376,0.2949,0
33,4,T1003.003,0.0329,0.5069,0.2699,0
33,5,T1564.008,0.0302,0.4872,0.2587,0
33,6,T1217,0.0182,0.3987,0.2084,0
33,7,T1027.011,0.0159,0.3467,0.1813,0
33,8,T1559.002,0.1615,0.165,0.1633,0
33,9,T1039,0.0146,0.3056,0.1601,0
33,10,T1021.002,0.0255,0.2893,0.1574,0
33,11,T1558.002,0.1671,0.1015,0.1343,0
33,12,T1059,0.02,0.2432,0.1316,0
33,13,T1671,0.1388,0.1207,0.1297,0
33,14,T1567.001,0.1382,0.0946,0.1164,0
33,15,T1583.005,0.0552,0.1272,0.0912,0
34,1,T1218.005,0.2454,0.7587,0.5021,0
34,2,T1622,0.0135,0.8766,0.445,0
34,3,T1583.003,0.2265,0.5925,0.4095,0
34,4,T1496.002,0.0237,0.7522,0.3879,0
34,5,T1098.005,0.0451,0.6525,0.3488,0
34,6,T1584.001,0.1189,0.5765,0.3477,0
34,7,T1562.007,0.0492,0.6411,0.3451,0
34,8,T1567.004,0.1284,0.5497,0.339,0
34,9,T1499.001,0.0274,0.6453,0.3363,0
34,10,T1070.010,0.0038,0.6042,0.304,0
34,11,T1070.006,0.005,0.5416,0.2733,0
34,12,T1560.003,0.0288,0.4858,0.2573,0
34,13,T1566,0.0048,0.5093,0.2571,0
34,14,T1585,0.0113,0.4979,0.2546,0
34,15,T1585.002,0.005,0.4662,0.2356,0
35,1,T1596.003,0.1388,0.7475,0.4432,0
35,2,T1218.005,0.1116,0.6884,0.4,0
35,3,T1070.010,0.0197,0.6857,0.3527,0
35,4,T1070.006,0.0169,0.6835,0.3502,0
35,5,T1585,0.0177,0.6405,0.3291,0
35,6,T1566,0.0088,0.645,0.3269,0
35,7,T1027.010,0.0593,0.5556,0.3075,0
35,8,T1585.002,0.0258,0.5878,0.3068,0
35,9,T1222.001,0.071,0.4966,0.2838,0
35,10,T1082,0.0836,0.4054,0.2445,0
35,11,T1003.003,0.0643,0.42,0.2421,0
35,12,T1217,0.0397,0.425,0.2323,0
35,13,T1591.004,0.0111,0.4522,0.2316,0
35,14,T1585.001,0.0097,0.4195,0.2146,0
35,15,T1087,0.0149,0.4057,0.2103,0
36,1,T1222.001,0.0818,0.5997,0.3408,0
36,2,T1567.004,0.2169,0.4499,0.3334,0
36,3,T1583.003,0.1628,0.4853,0.324,0
36,4,T1584.001,0.1545,0.4605,0.3075,0
36,5,T1082,0.0162,0.5482,0.2822,0
36,6,T1039,0.0301,0.505,0.2676,0
36,7,T1564.008,0.0084,0.4786,0.2435,0
36,8,T1027.011,0.0124,0.4738,0.2431,0
36,9,T1003.003,0.0082,0.4457,0.2269,0
36,10,T1560.003,0.0165,0.392,0.2042,0
36,11,T1567.003,0.1336,0.2652,0.1994,0
36,12,T1021.002,0.0135,0.3638,0.1886,0
36,13,T1583.005,0.2151,0.1459,0.1805,0
36,14,T1217,0.0018,0.3473,0.1745,0
36,15,T1059,0.018,0.3072,0.1626,0
37,1,T1195.002,0.483,0.857,0.67,0
37,2,T1586.003,0.2846,0.8311,0.5578,0
37,3,T1671,0.9512,0.0952,0.5232,0
37,4,T1567.001,0.9401,0.0845,0.5123,0
37,5,T1590.003,0.2242,0.7875,0.5059,0
37,6,T1558.002,0.9395,0.0653,0.5024,0
37,7,T1098.005,0.0813,0.8779,0.4796,0
37,8,T1496.002,0.0345,0.9175,0.476,0
37,9,T1562.007,0.0654,0.8858,0.4756,0
37,10,T1499.001,0.0487,0.8998,0.4743,0
37,11,T1222.002,0.1425,0.801,0.4717,0
37,12,T1087,0.0171,0.7066,0.3619,0
37,13,T1591.004,0.0498,0.6704,0.3601,0
37,14,T1027.011,0.0116,0.6993,0.3554,0
37,15,T1027.010,0.0368,0.6705,0.3537,0
38,1,T1573.001,0.2353,0.8159,0.5256,0
38,2,T1496.002,0.0821,0.8677,0.4749,0
38,3,T1499.001,0.0838,0.8543,0.4691,0
38,4,T1098.005,0.0714,0.8166,0.444,0
38,5,T1562.007,0.0864,0.7992,0.4428,0
38,6,T1027.009,0.0986,0.6977,0.3981,0
38,7,T1567.002,0.0684,0.7113,0.3898,0
38,8,T1557,0.0881,0.6647,0.3764,0
38,9,T1222.001,0.0079,0.6905,0.3492,0
38,10,T1048.001,0.0556,0.6306,0.3431,0
38,11,T1027.011,0.0585,0.5631,0.3108,0
38,12,T1021.002,0.0408,0.5695,0.3051,0
38,13,T1564.008,0.0332,0.5642,0.2987,0
38,14,T1039,0.0525,0.5443,0.2984,0
38,15,T1082,0.0207,0.561,0.2909,0
39,1,T1622,0.0784,0.9223,0.5004,0
39,2,T1490,0.0363,0.8863,0.4613,0
39,3,T1071,0.01,0.8645,0.4373,0
39,4,T1537,0.0011,0.864,0.4325,0
39,5,T1059.003,0.0398,0.8152,0.4275,0
39,6,T1543.003,0.0042,0.8497,0.427,0
39,7,T1553.005,0.0025,0.8461,0.4243,0
39,8,T1027.004,0.0029,0.8442,0.4236,0
39,9,T1070.010,0.0533,0.778,0.4156,0
39,10,T1496.002,0.0343,0.7949,0.4146,0
39,11,T1499.001,0.028,0.7943,0.4112,0
39,12,T1070.006,0.0779,0.7273,0.4026,0
39,13,T1585,0.0618,0.7295,0.3957,0
39,14,T1562.007,0.0455,0.7421,0.3938,0
39,15,T1591.002,0.0036,0.7735,0.3886,0
40,1,T1622,0.2315,0.9174,0.5744,0
40,2,T1496.002,0.0592,0.817,0.4381,0
40,3,T1070.010,0.0878,0.7472,0.4175,0
40,4,T1499.001,0.0356,0.781,0.4083,0
40,5,T1098.005,0.0524,0.7556,0.404,0
40,6,T1562.007,0.0441,0.7286,0.3863,0
40,7,T1070.006,0.0799,0.6739,0.3769,0
40,8,T1585,0.0965,0.6566,0.3766,0
40,9,T1566,0.1014,0.6466,0.374,0
40,10,T1585.002,0.1093,0.6063,0.3578,0
40,11,T1591.004,0.0113,0.6953,0.3533,0
40,12,T1087,0.005,0.6386,0.3218,0
40,13,T1003.003,0.1257,0.5084,0.317,0
40,14,T1564.008,0.1263,0.5035,0.3149,0
40,15,T1027.010,0.0072,0.6164,0.3118,0
41,1,T1496.002,0.1992,0.783,0.4911,0
41,2,T1499.001,0.1032,0.757,0.4301,0
41,3,T1098.005,0.1038,0.7318,0.4178,0
41,4,T1562.007,0.1298,0.6902,0.41,0
41,5,T1560.003,0.0491,0.6166,0.3328,0
41,6,T1027.010,0.0031,0.487,0.2451,0
41,7,T1591.004,0.0142,0.472,0.2431,0
41,8,T1087,0.0017,0.4786,0.2401,0
41,9,T1217,0.0484,0.3859,0.2171,0
41,10,T1585.001,0.0015,0.4206,0.211,0
41,11,T1071.004,0.0114,0.3956,0.2035,0
41,12,T1213.006,0.0212,0.3464,0.1838,0
41,13,T1608.002,0.0021,0.3593,0.1807,0
41,14,T1074.001,0.0152,0.346,0.1806,0
41,15,T1608.005,0.0038,0.3563,0.18,0
42,1,T1622,0.0478,0.9011,0.4745,0
42,2,T1496.002,0.0122,0.7868,0.3995,0
42,3,T1499.001,0.0221,0.7694,0.3957,0
42,4,T1098.005,0.0302,0.7137,0.372,0
42,5,T1070.010,0.0472,0.6768,0.362,0
42,6,T1566,0.0558,0.659,0.3574,0
42,7,T1562.007,0.0197,0.6949,0.3573,0
42,8,T1070.006,0.0479,0.6478,0.3478,0
42,9,T1585,0.0477,0.6278,0.3377,0
42,10,T1591.004,0.0535,0.6054,0.3295,0
42,11,T1585.002,0.0291,0.6151,0.3221,0
42,12,T1087,0.012,0.629,0.3205,0
42,13,T1585.001,0.0063,0.5075,0.2569,0
42,14,T1608.005,0.0115,0.4871,0.2493,0
42,15,T1608.002,0.0128,0.4737,0.2432,0
43,1,T1596.003,0.6502,0.8432,0.7467,0
43,2,T1098.005,0.5867,0.8537,0.7202,0
43,3,T1496.002,0.5518,0.8838,0.7178,0
43,4,T1499.001,0.5775,0.8369,0.7072,0
43,5,T1204.001,0.6609,0.7231,0.692,0
43,6,T1562.007,0.4933,0.8186,0.6559,0
43,7,T1218.005,0.3656,0.7414,0.5535,0
43,8,T1195.002,0.0981,0.8034,0.4507,0
43,9,T1046,0.4249,0.4507,0.4378,0
43,10,T1546.011,0.4812,0.3672,0.4242,0
43,11,T1070.008,0.426,0.4191,0.4226,0
43,12,T1598.003,0.4685,0.3573,0.4129,0
43,13,T1586.003,0.013,0.7894,0.4012,0
43,14,T1559.002,0.4344,0.3676,0.401,0
43,15,T1070.004,0.438,0.347,0.3925,0
44,1,T1622,0.0569,0.9001,0.4785,0
44,2,T1496.002,0.0741,0.8459,0.46,0
44,3,T1499.001,0.033,0.8239,0.4285,0
44,4,T1098.005,0.0502,0.7735,0.4119,0
44,5,T1562.007,0.0462,0.7544,0.4003,0
44,6,T1195.002,0.02,0.7454,0.3827,0
44,7,T1586.003,0.0686,0.6462,0.3574,0
44,8,T1082,0.2392,0.4689,0.3541,0
44,9,T1003.003,0.2459,0.4353,0.3406,0
44,10,T1222.002,0.0331,0.6459,0.3395,0
44,11,T1590.003,0.0276,0.6512,0.3394,0
44,12,T1070.010,0.014,0.6328,0.3234,0
44,13,T1039,0.0722,0.5674,0.3198,0
44,14,T1070.006,0.0223,0.6059,0.3141,0
44,15,T1564.008,0.1894,0.4199,0.3047,0
45,1,T1622,0.1159,0.9098,0.5129,0
45,2,T1596.003,0.2953,0.7226,0.5089,0
45,3,T1218.005,0.3258,0.6831,0.5045,0
45,4,T1496.002,0.1048,0.8103,0.4575,0
45,5,T1499.001,0.1024,0.7693,0.4359,0
45,6,T1562.007,0.0796,0.7262,0.4029,0
45,7,T1098.005,0.0836,0.7152,0.3994,0
45,8,T1070.010,0.0149,0.776,0.3955,0
45,9,T1585,0.0074,0.7655,0.3865,0
45,10,T1070.006,0.0074,0.764,0.3857,0
45,11,T1560.003,0.1838,0.5845,0.3842,0
45,12,T1566,0.0124,0.7312,0.3718,0
45,13,T1585.002,0.0138,0.7025,0.3582,0
45,14,T1027.010,0.0617,0.6392,0.3504,0
45,15,T1087,0.0319,0.6642,0.348,0
46,1,T1591.004,0.4806,0.7492,0.6149,0
46,2,T1586.003,0.6509,0.5231,0.587,0
46,3,T1222.002,0.6021,0.4732,0.5376,0
46,4,T1590.003,0.4658,0.5232,0.4945,0
46,5,T1560.003,0.4042,0.5154,0.4598,0
46,6,T1039,0.0185,0.8462,0.4323,0
46,7,T1021.002,0.0164,0.822,0.4192,0
46,8,T1027.011,0.0178,0.8135,0.4157,0
46,9,T1585.001,0.0669,0.6946,0.3808,0
46,10,T1059,0.0121,0.7494,0.3808,0
46,11,T1559.002,0.1869,0.5727,0.3798,0
46,12,T1087,0.0385,0.6913,0.3649,0
46,13,T1608.005,0.0422,0.6021,0.3222,0
46,14,T1608.002,0.0722,0.5614,0.3168,0
46,15,T1546.011,0.0893,0.5374,0.3133,0
47,1,T1204.001,0.3949,0.7042,0.5495,0
47,2,T1070.010,0.0415,0.6761,0.3588,0
47,3,T1070.006,0.0501,0.6517,0.3509,0
47,4,T1585,0.0474,0.6345,0.341,0
47,5,T1039,0.0659,0.5963,0.3311,0
47,6,T1027.011,0.0414,0.5908,0.3161,0
47,7,T1585.002,0.0696,0.56,0.3148,0
47,8,T1059,0.0535,0.5386,0.2961,0
47,9,T1021.002,0.0445,0.5434,0.294,0
47,10,T1566,0.0268,0.5464,0.2866,0
47,11,T1560.003,0.0855,0.4256,0.2555,0
47,12,T1584.001,0.0329,0.4357,0.2343,0
47,13,T1567.004,0.0191,0.4421,0.2306,0
47,14,T1583.003,0.0436,0.4136,0.2286,0
47,15,T1217,0.0572,0.331,0.1941,0
48,1,T1070.003,0.5044,0.9058,0.7051,0
48,2,T1218.005,0.2021,0.8294,0.5158,0
48,3,T1082,0.192,0.7032,0.4476,0
48,4,T1003.003,0.2332,0.6414,0.4373,0
48,5,T1564.008,0.1856,0.6442,0.4149,0
48,6,T1204.001,0.0697,0.7001,0.3849,0
48,7,T1027.011,0.0002,0.6155,0.3078,0
48,8,T1021.002,0.0003,0.5837,0.292,0
48,9,T1039,0.0004,0.5648,0.2826,0
48,10,T1195.002,0.009,0.5101,0.2595,0
48,11,T1059,0.0003,0.4968,0.2485,0
48,12,T1590.003,0.0105,0.4823,0.2464,0
48,13,T1560.003,0.0027,0.4893,0.246,0
48,14,T1586.003,0.0132,0.4709,0.242,0
48,15,T1217,0.0067,0.4429,0.2248,0
49,1,T1047,0.1925,0.8704,0.5314,0
49,2,T1622,0.0066,0.8752,0.4409,0
49,3,T1218.005,0.2004,0.6351,0.4177,0
49,4,T1496.002,0.0005,0.7788,0.3896,0
49,5,T1499.001,0.0002,0.7248,0.3625,0
49,6,T1562.007,0.0005,0.7207,0.3606,0
49,7,T1098.005,0.0002,0.7141,0.3572,0
49,8,T1586.003,0.0613,0.5895,0.3254,0
49,9,T1584.001,0.2227,0.4202,0.3215,0
49,10,T1222.002,0.062,0.4791,0.2705,0
49,11,T1567.004,0.1537,0.3831,0.2684,0
49,12,T1591.004,0.0463,0.4845,0.2654,0
49,13,T1590.003,0.054,0.4611,0.2576,0
49,14,T1074.001,0.0276,0.469,0.2483,0
49,15,T1560.003,0.0388,0.4567,0.2477,0
50,1,T1070.010,0.0247,0.7118,0.3683,0
50,2,T1070.006,0.0246,0.7061,0.3653,0
50,3,T1560.003,0.1271,0.5846,0.3558,0
50,4,T1566,0.0293,0.6755,0.3524,0
50,5,T1585,0.0293,0.6141,0.3217,0
50,6,T1591.004,0.0318,0.6078,0.3198,0
50,7,T1585.002,0.0202,0.5807,0.3004,0
50,8,T1074.001,0.1143,0.4196,0.2669,0
50,9,T1071.004,0.0882,0.4172,0.2527,0
50,10,T1087,0.0014,0.4891,0.2453,0
50,11,T1213.006,0.082,0.3984,0.2402,0
50,12,T1585.001,0.0015,0.4322,0.2168,0
50,13,T1608.002,0.0023,0.3404,0.1713,0
50,14,T1608.005,0.0017,0.3333,0.1675,0
50,15,T1589.003,0.001,0.3243,0.1627,0
51,1,T1070.003,0.4087,0.8784,0.6436,0
51,2,T1543.003,0.143,0.8857,0.5144,0
51,3,T1071,0.1169,0.8924,0.5047,0
51,4,T1553.005,0.1392,0.8657,0.5025,0
51,5,T1537,0.0776,0.902,0.4898,0
51,6,T1591.002,0.111,0.8608,0.4859,0
51,7,T1027.004,0.0938,0.8767,0.4853,0
51,8,T1059.003,0.0962,0.8505,0.4734,0
51,9,T1082,0.2876,0.6086,0.4481,0
51,10,T1070.010,0.0599,0.7732,0.4165,0
51,11,T1070.006,0.0454,0.7296,0.3875,0
51,12,T1585,0.0349,0.7318,0.3833,0
51,13,T1566,0.0328,0.7263,0.3796,0
51,14,T1564.008,0.2047,0.5456,0.3752,0
51,15,T1027.010,0.0722,0.6667,0.3695,0
52,1,T1573.001,0.9799,0.9459,0.9629,0
52,2,T1027.009,0.742,0.8294,0.7857,0
52,3,T1222.001,0.6819,0.8803,0.7811,0
52,4,T1557,0.6991,0.8303,0.7647,0
52,5,T1048.001,0.6807,0.8187,0.7497,0
52,6,T1567.002,0.5762,0.8575,0.7169,0
52,7,T1003.003,0.7055,0.6908,0.6982,0
52,8,T1564.008,0.6895,0.6966,0.693,0
52,9,T1082,0.5635,0.7774,0.6704,0
52,10,T1021.002,0.5277,0.6083,0.568,0
52,11,T1490,0.1993,0.9221,0.5607,0
52,12,T1059,0.5475,0.5595,0.5535,0
52,13,T1537,0.0556,0.9384,0.497,0
52,14,T1059.003,0.0766,0.9054,0.491,0
52,15,T1543.003,0.0442,0.9315,0.4879,0
53,1,T1047,0.364,0.91,0.637,0
53,2,T1218.005,0.2938,0.7061,0.4999,0
53,3,T1596.003,0.1569,0.6545,0.4057,0
53,4,T1222.001,0.0415,0.628,0.3347,0
53,5,T1039,0.0388,0.6113,0.325,0
53,6,T1567.004,0.107,0.5337,0.3204,0
53,7,T1071.004,0.0422,0.558,0.3001,0
53,8,T1584.001,0.0767,0.515,0.2958,0
53,9,T1583.003,0.0987,0.48,0.2894,0
53,10,T1082,0.1092,0.4502,0.2797,0
53,11,T1074.001,0.0273,0.5311,0.2792,0
53,12,T1027.011,0.0133,0.5408,0.2771,0
53,13,T1213.006,0.0286,0.5051,0.2668,0
53,14,T1003.003,0.1087,0.4154,0.262,0
53,15,T1564.008,0.113,0.411,0.262,0
54,1,T1591.004,0.0041,0.7236,0.3639,0
54,2,T1087,0.0176,0.6834,0.3505,0
54,3,T1585.001,0.0115,0.6337,0.3226,0
54,4,T1608.005,0.014,0.591,0.3025,0
54,5,T1070.010,0.0124,0.5902,0.3013,0
54,6,T1608.002,0.0233,0.5573,0.2903,0
54,7,T1590.003,0.0403,0.5342,0.2872,0
54,8,T1070.006,0.0152,0.55,0.2826,0
54,9,T1585,0.01,0.5379,0.274,0
54,10,T1222.002,0.0498,0.4958,0.2728,0
54,11,T1204.001,0.0054,0.5308,0.2681,0
54,12,T1218.005,0.0329,0.5026,0.2677,0
54,13,T1589.003,0.0207,0.5117,0.2662,0
54,14,T1566,0.0167,0.4988,0.2578,0
54,15,T1039,0.0031,0.5095,0.2563,0
55,1,T1567.004,0.1895,0.623,0.4062,0
55,2,T1584.001,0.1599,0.6516,0.4057,0
55,3,T1218.005,0.177,0.6205,0.3987,0
55,4,T1583.003,0.1553,0.6232,0.3892,0
55,5,T1195.002,0.0711,0.682,0.3765,0
55,6,T1586.003,0.0736,0.6555,0.3646,0
55,7,T1590.003,0.0681,0.575,0.3216,0
55,8,T1027.011,0.012,0.6307,0.3213,0
55,9,T1039,0.0148,0.5998,0.3073,0
55,10,T1222.002,0.0522,0.5351,0.2936,0
55,11,T1021.002,0.0129,0.5565,0.2847,0
55,12,T1059,0.0054,0.4827,0.244,0
55,13,T1560.003,0.0415,0.4032,0.2223,0
55,14,T1217,0.0274,0.2895,0.1585,0
55,15,T1593.003,0.1596,0.1272,0.1434,0
56,1,T1070.003,0.9688,0.9481,0.9585,0
56,2,T1204.001,0.9572,0.8239,0.8906,0
56,3,T1596.003,0.7718,0.8572,0.8145,0
56,4,T1218.005,0.7133,0.8073,0.7603,0
56,5,T1222.001,0.3764,0.8764,0.6264,0
56,6,T1564.008,0.3335,0.774,0.5538,0
56,7,T1082,0.27,0.8141,0.5421,0
56,8,T1003.003,0.2477,0.7902,0.519,0
56,9,T1562.007,0.1624,0.7546,0.4585,0
56,10,T1496.002,0.0769,0.8376,0.4572,0
56,11,T1098.005,0.1123,0.7843,0.4483,0
56,12,T1499.001,0.0884,0.7927,0.4406,0
56,13,T1027.010,0.1376,0.6889,0.4133,0
56,14,T1021.002,0.041,0.6792,0.3601,0
56,15,T1087,0.0623,0.6551,0.3587,0
57,1,T1591.004,0.0216,0.8077,0.4146,0
57,2,T1027.010,0.0531,0.7753,0.4142,0
57,3,T1087,0.0075,0.7754,0.3915,0
57,4,T1070.010,0.0701,0.7055,0.3878,0
57,5,T1070.006,0.0816,0.6726,0.3771,0
57,6,T1585.001,0.0063,0.7468,0.3766,0
57,7,T1566,0.0851,0.6627,0.3739,0
57,8,T1585,0.062,0.6484,0.3552,0
57,9,T1608.005,0.0045,0.6696,0.337,0
57,10,T1608.002,0.0078,0.6631,0.3354,0
57,11,T1560.003,0.0579,0.5939,0.3259,0
57,12,T1585.002,0.061,0.5864,0.3237,0
57,13,T1589.003,0.0046,0.6092,0.3069,0
57,14,T1567.003,0.1607,0.3005,0.2306,0
57,15,T1480,0.1547,0.2979,0.2263,0
58,1,T1204.001,0.414,0.6736,0.5438,0
58,2,T1591.004,0.0659,0.7242,0.3951,0
58,3,T1087,0.0021,0.6353,0.3187,0
58,4,T1566,0.0114,0.584,0.2977,0
58,5,T1070.010,0.0118,0.5802,0.296,0
58,6,T1585,0.0187,0.5639,0.2913,0
58,7,T1070.006,0.0081,0.5712,0.2896,0
58,8,T1039,0.0344,0.5421,0.2882,0
58,9,T1585.001,0.0043,0.5678,0.2861,0
58,10,T1589.003,0.0031,0.5409,0.272,0
58,11,T1608.005,0.0033,0.5392,0.2712,0
58,12,T1027.011,0.0329,0.5058,0.2694,0
58,13,T1560.003,0.1213,0.4159,0.2686,0
58,14,T1608.002,0.006,0.5298,0.2679,0
58,15,T1021.002,0.0229,0.4505,0.2367,0
59,1,T1027.009,0.2532,0.7879,0.5206,0
59,2,T1048.001,0.2687,0.7596,0.5142,0
59,3,T1567.002,0.1903,0.7806,0.4855,0
59,4,T1557,0.1716,0.7654,0.4685,0
59,5,T1496.002,0.0127,0.8392,0.4259,0
59,6,T1499.001,0.0136,0.8114,0.4125,0
59,7,T1195.002,0.2507,0.568,0.4093,0
59,8,T1562.007,0.0088,0.7872,0.398,0
59,9,T1098.005,0.0125,0.7568,0.3846,0
59,10,T1560.003,0.0314,0.5569,0.2942,0
59,11,T1586.003,0.0309,0.5457,0.2883,0
59,12,T1027.010,0.0042,0.5672,0.2857,0
59,13,T1087,0.0114,0.5352,0.2733,0
59,14,T1591.004,0.0135,0.5245,0.269,0
59,15,T1217,0.0414,0.4839,0.2626,0
60,1,T1591.004,0.0981,0.7069,0.4025,0
60,2,T1586.003,0.248,0.5284,0.3882,0
60,3,T1039,0.1101,0.6467,0.3784,0
60,4,T1070.010,0.086,0.6381,0.3621,0
60,5,T1027.010,0.094,0.6204,0.3572,0
60,6,T1027.011,0.0306,0.6691,0.3499,0
60,7,T1021.002,0.0377,0.6585,0.3481,0
60,8,T1070.006,0.0648,0.5943,0.3296,0
60,9,T1566,0.093,0.5652,0.3291,0
60,10,T1059,0.0388,0.6176,0.3282,0
60,11,T1585,0.0665,0.5894,0.3279,0
60,12,T1195.002,0.0427,0.5908,0.3168,0
60,13,T1585.001,0.0535,0.5734,0.3134,0
60,14,T1087,0.0485,0.5553,0.3019,0
60,15,T1222.002,0.0954,0.5031,0.2992,0
61,1,T1596.003,0.1651,0.7897,0.4774,0
61,2,T1218.005,0.1794,0.7571,0.4683,0
61,3,T1027.009,0.2836,0.6357,0.4597,0
61,4,T1557,0.2525,0.6551,0.4538,0
61,5,T1048.001,0.2345,0.6371,0.4358,0
61,6,T1567.002,0.197,0.6424,0.4197,0
61,7,T1070.010,0.0393,0.6857,0.3625,0
61,8,T1027.010,0.0187,0.6368,0.3277,0
61,9,T1087,0.0309,0.5774,0.3042,0
61,10,T1591.004,0.0062,0.5991,0.3026,0
61,11,T1070.006,0.0388,0.5543,0.2966,0
61,12,T1585,0.0322,0.5553,0.2938,0
61,13,T1585.001,0.0144,0.5557,0.2851,0
61,14,T1608.005,0.0244,0.5223,0.2734,0
61,15,T1566,0.0241,0.5165,0.2703,0
62,1,T1591.004,0.0708,0.6569,0.3639,0
62,2,T1027.010,0.045,0.6795,0.3622,0
62,3,T1070.010,0.017,0.6828,0.3499,0
62,4,T1087,0.0363,0.6258,0.331,0
62,5,T1070.006,0.0089,0.6483,0.3286,0
62,6,T1585,0.01,0.623,0.3165,0
62,7,T1585.002,0.0208,0.5829,0.3018,0
62,8,T1039,0.0074,0.5771,0.2923,0
62,9,T1566,0.0109,0.5704,0.2907,0
62,10,T1027.011,0.0047,0.5728,0.2887,0
62,11,T1585.001,0.0331,0.538,0.2856,0
62,12,T1608.005,0.0516,0.5092,0.2804,0
62,13,T1021.002,0.004,0.5271,0.2656,0
62,14,T1074.001,0.1525,0.3421,0.2473,0
62,15,T1608.002,0.0238,0.468,0.2459,0
63,1,T1047,0.1792,0.8411,0.5102,0
63,2,T1218.005,0.1959,0.7202,0.4581,0
63,3,T1195.002,0.1365,0.5287,0.3326,0
63,4,T1087,0.047,0.5917,0.3194,0
63,5,T1591.004,0.04,0.5824,0.3112,0
63,6,T1586.003,0.1076,0.4898,0.2987,0
63,7,T1608.005,0.0453,0.538,0.2917,0
63,8,T1585.001,0.0112,0.5257,0.2684,0
63,9,T1070.010,0.0244,0.5056,0.265,0
63,10,T1585,0.0275,0.4828,0.2552,0
63,11,T1070.006,0.012,0.4953,0.2536,0
63,12,T1608.002,0.0258,0.4646,0.2452,0
63,13,T1589.003,0.0218,0.4676,0.2447,0
63,14,T1222.002,0.0428,0.4434,0.2431,0
63,15,T1074.001,0.0131,0.4727,0.2429,0
64,1,T1490,0.0775,0.8517,0.4646,0
64,2,T1537,0.023,0.8603,0.4417,0
64,3,T1071,0.0143,0.8607,0.4375,0
64,4,T1591.002,0.0205,0.827,0.4237,0
64,5,T1543.003,0.0141,0.8299,0.422,0
64,6,T1553.005,0.0239,0.8146,0.4193,0
64,7,T1027.004,0.0149,0.8192,0.4171,0
64,8,T1059.003,0.0285,0.794,0.4113,0
64,9,T1059,0.3041,0.4662,0.3851,0
64,10,T1021.002,0.3137,0.4482,0.3809,0
64,11,T1583.003,0.2456,0.4858,0.3657,0
64,12,T1567.004,0.2724,0.4535,0.3629,0
64,13,T1584.001,0.259,0.4662,0.3626,0
64,14,T1039,0.1339,0.5775,0.3557,0
64,15,T1027.011,0.1431,0.566,0.3546,0
65,1,T1047,0.9746,0.9398,0.9572,0
65,2,T1596.003,0.8218,0.8813,0.8515,0
65,3,T1074.001,0.8963,0.4775,0.6869,0
65,4,T1071.004,0.8881,0.4585,0.6733,0
65,5,T1213.006,0.8866,0.4004,0.6435,0
65,6,T1590.003,0.2708,0.6803,0.4755,0
65,7,T1222.002,0.3256,0.6117,0.4687,0
65,8,T1039,0.0128,0.8862,0.4495,0
65,9,T1003,0.5312,0.348,0.4396,0
65,10,T1218.005,0.0461,0.8299,0.438,0
65,11,T1027.011,0.0184,0.8395,0.429,0
65,12,T1021.002,0.0078,0.8469,0.4273,0
65,13,T1480,0.4836,0.3283,0.406,0
65,14,T1059,0.0064,0.764,0.3852,0
65,15,T1560.003,0.2208,0.5166,0.3687,0
66,1,T1596.003,0.9173,0.8542,0.8857,0
66,2,T1195.002,0.8146,0.8614,0.838,0
66,3,T1590.003,0.7829,0.7564,0.7696,0
66,4,T1222.002,0.7764,0.7207,0.7486,0
66,5,T1218.005,0.4672,0.8189,0.6431,0
66,6,T1222.001,0.5563,0.6697,0.613,0
66,7,T1003,0.7877,0.2527,0.5202,0
66,8,T1027.010,0.2987,0.667,0.4829,0
66,9,T1560.003,0.3942,0.5264,0.4603,0
66,10,T1480,0.6641,0.2545,0.4593,0
66,11,T1039,0.0525,0.8542,0.4534,0
66,12,T1027.011,0.0819,0.7869,0.4344,0
66,13,T1021.002,0.0384,0.7863,0.4124,0
66,14,T1559.002,0.3635,0.4359,0.3997,0
66,15,T1059,0.0405,0.7238,0.3822,0
67,1,T1499.001,0.1138,0.8084,0.4611,0
67,2,T1496.002,0.0808,0.8057,0.4432,0
67,3,T1562.007,0.1557,0.7291,0.4424,0
67,4,T1098.005,0.1019,0.7417,0.4218,0
67,5,T1591.004,0.2672,0.5615,0.4143,0
67,6,T1195.002,0.0922,0.7018,0.397,0
67,7,T1586.003,0.0535,0.6643,0.3589,0
67,8,T1087,0.0982,0.6159,0.357,0
67,9,T1590.003,0.0654,0.6324,0.3489,0
67,10,T1222.002,0.0602,0.6148,0.3375,0
67,11,T1027.010,0.0573,0.598,0.3277,0
67,12,T1585.001,0.0758,0.5247,0.3002,0
67,13,T1021.002,0.0029,0.5561,0.2795,0
67,14,T1027.011,0.0053,0.5267,0.266,0
67,15,T1608.005,0.0618,0.4453,0.2535,0
68,1,T1596.003,0.3009,0.7994,0.5501,0
68,2,T1047,0.1268,0.9121,0.5195,0
68,3,T1537,0.0496,0.9116,0.4806,0
68,4,T1218.005,0.1433,0.7988,0.4711,0
68,5,T1543.003,0.0458,0.8887,0.4673,0
68,6,T1071,0.0468,0.8851,0.4659,0
68,7,T1490,0.0548,0.8691,0.462,0
68,8,T1591.002,0.0508,0.8703,0.4606,0
68,9,T1553.005,0.0536,0.865,0.4593,0
68,10,T1027.004,0.0418,0.8657,0.4538,0
68,11,T1204.001,0.1491,0.7583,0.4537,0
68,12,T1059.003,0.0642,0.8419,0.4531,0
68,13,T1074.001,0.0668,0.4861,0.2764,0
68,14,T1071.004,0.0405,0.4954,0.2679,0
68,15,T1213.006,0.0365,0.4724,0.2545,0
69,1,T1070.010,0.0701,0.824,0.4471,0
69,2,T1070.006,0.0816,0.7606,0.4211,0
69,3,T1585,0.062,0.7705,0.4163,0
69,4,T1566,0.0851,0.733,0.4091,0
69,5,T1585.002,0.061,0.721,0.391,0
69,6,T1591.004,0.0216,0.6671,0.3444,0
69,7,T1027.010,0.0531,0.6234,0.3382,0
69,8,T1087,0.0075,0.6092,0.3083,0
69,9,T1585.001,0.0063,0.5713,0.2888,0
69,10,T1560.003,0.0579,0.4901,0.274,0
69,11,T1608.005,0.0045,0.5167,0.2606,0
69,12,T1589.003,0.0046,0.4915,0.248,0
69,13,T1608.002,0.0078,0.4646,0.2362,0
69,14,T1567.003,0.1607,0.2747,0.2177,0
69,15,T1217,0.0379,0.3865,0.2122,0
70,1,T1195.002,0.9691,0.7774,0.8732,0
70,2,T1222.002,0.9203,0.7133,0.8168,0
70,3,T1590.003,0.9026,0.6563,0.7794,0
70,4,T1586.003,0.739,0.7528,0.7459,0
70,5,T1622,0.4826,0.9613,0.722,0
70,6,T1217,0.662,0.4752,0.5686,0
70,7,T1069.002,0.7878,0.2566,0.5222,0
70,8,T1496.002,0.0455,0.9292,0.4873,0
70,9,T1499.001,0.0413,0.9225,0.4819,0
70,10,T1562.007,0.0492,0.893,0.4711,0
70,11,T1027.010,0.3395,0.5846,0.4621,0
70,12,T1098.005,0.0279,0.882,0.4549,0
70,13,T1071.001,0.6464,0.1819,0.4142,0
70,14,T1560.003,0.102,0.7143,0.4081,0
70,15,T1021,0.5184,0.2721,0.3952,0
71,1,T1622,0.0581,0.8288,0.4435,0
71,2,T1584.001,0.3822,0.3664,0.3743,0
71,3,T1567.004,0.3908,0.3401,0.3655,0
71,4,T1027.010,0.0377,0.6016,0.3196,0
71,5,T1583.003,0.2736,0.3494,0.3115,0
71,6,T1496.002,0.0108,0.6096,0.3102,0
71,7,T1074.001,0.2615,0.3373,0.2994,0
71,8,T1098.005,0.0042,0.5823,0.2933,0
71,9,T1499.001,0.0049,0.5618,0.2833,0
71,10,T1562.007,0.0028,0.5509,0.2769,0
71,11,T1071.004,0.2048,0.341,0.2729,0
71,12,T1560.003,0.0411,0.4836,0.2624,0
71,13,T1591.004,0.0379,0.4677,0.2528,0
71,14,T1213.006,0.2148,0.2651,0.24,0
71,15,T1087,0.0101,0.4457,0.2279,0
72,1,T1496.002,0.0982,0.6594,0.3788,0
72,2,T1195.002,0.0149,0.6695,0.3422,0
72,3,T1586.003,0.0059,0.6588,0.3323,0
72,4,T1499.001,0.0856,0.5655,0.3255,0
72,5,T1590.003,0.0054,0.5613,0.2834,0
72,6,T1562.007,0.0587,0.5044,0.2816,0
72,7,T1222.002,0.0087,0.5314,0.2701,0
72,8,T1098.005,0.0602,0.4703,0.2652,0
72,9,T1027.010,0.0152,0.4855,0.2504,0
72,10,T1082,0.1121,0.2853,0.1987,0
72,11,T1003.003,0.1389,0.2413,0.1901,0
72,12,T1074.001,0.0377,0.3295,0.1836,0
72,13,T1071.004,0.0453,0.3177,0.1815,0
72,14,T1213.006,0.0515,0.3031,0.1773,0
72,15,T1564.008,0.0689,0.2678,0.1684,0
73,1,T1622,0.0862,0.8162,0.4512,0
73,2,T1059.003,0.1858,0.6675,0.4266,0
73,3,T1537,0.1248,0.7129,0.4188,0
73,4,T1218.005,0.2177,0.5705,0.3941,0
73,5,T1496.002,0.0109,0.7643,0.3876,0
73,6,T1499.001,0.0112,0.7451,0.3781,0
73,7,T1098.005,0.0263,0.7298,0.3781,0
73,8,T1071,0.0902,0.6548,0.3725,0
73,9,T1562.007,0.0187,0.7214,0.3701,0
73,10,T1543.003,0.0975,0.632,0.3648,0
73,11,T1591.002,0.1265,0.5983,0.3624,0
73,12,T1027.004,0.0671,0.6275,0.3473,0
73,13,T1553.005,0.1063,0.5852,0.3458,0
73,14,T1039,0.0282,0.6218,0.325,0
73,15,T1027.011,0.0332,0.568,0.3006,0
74,1,T1218.005,0.4338,0.8874,0.6606,0
74,2,T1596.003,0.3228,0.9107,0.6167,0
74,3,T1584.001,0.5027,0.6683,0.5855,0
74,4,T1583.003,0.5163,0.6206,0.5685,0
74,5,T1567.004,0.4393,0.6708,0.5551,0
74,6,T1222.001,0.3547,0.6077,0.4812,0
74,7,T1070.010,0.0665,0.8554,0.4609,0
74,8,T1070.006,0.0545,0.8359,0.4452,0
74,9,T1585,0.0396,0.8364,0.438,0
74,10,T1566,0.034,0.8098,0.4219,0
74,11,T1585.002,0.0362,0.7873,0.4117,0
74,12,T1082,0.341,0.3442,0.3426,0
74,13,T1564.008,0.2732,0.3598,0.3165,0
74,14,T1027.010,0.0095,0.5598,0.2846,0
74,15,T1003.003,0.2959,0.2705,0.2832,0
75,1,T1204.001,0.3283,0.7226,0.5255,0
75,2,T1622,0.0885,0.8629,0.4757,0
75,3,T1490,0.0362,0.7903,0.4132,0
75,4,T1537,0.0051,0.7976,0.4014,0
75,5,T1027.010,0.1396,0.6542,0.3969,0
75,6,T1059.003,0.0599,0.7267,0.3933,0
75,7,T1071,0.0037,0.7543,0.379,0
75,8,T1543.003,0.006,0.7437,0.3748,0
75,9,T1027.004,0.0104,0.7365,0.3734,0
75,10,T1087,0.0797,0.6468,0.3633,0
75,11,T1070.010,0.0394,0.686,0.3627,0
75,12,T1553.005,0.0087,0.7057,0.3572,0
75,13,T1496.002,0.0075,0.6874,0.3475,0
75,14,T1608.005,0.1208,0.5729,0.3469,0
75,15,T1591.002,0.0164,0.6489,0.3327,0
76,1,T1560.003,0.2389,0.455,0.3469,0
76,2,T1567.004,0.0439,0.4637,0.2538,0
76,3,T1583.003,0.0502,0.4531,0.2516,0
76,4,T1584.001,0.0469,0.4202,0.2336,0
76,5,T1590.003,0.0554,0.3526,0.204,0
76,6,T1586.003,0.0546,0.3468,0.2007,0
76,7,T1222.002,0.0699,0.3182,0.1941,0
76,8,T1195.002,0.0614,0.3227,0.1921,0
76,9,T1074.001,0.0397,0.3307,0.1852,0
76,10,T1071.004,0.0395,0.3079,0.1737,0
76,11,T1213.006,0.0692,0.2729,0.171,0
76,12,T1567.003,0.0037,0.3195,0.1616,0
76,13,T1217,0.0502,0.263,0.1566,0
76,14,T1480,0.006,0.2945,0.1502,0
76,15,T1671,0.0549,0.227,0.1409,0
77,1,T1586.003,0.4365,0.8087,0.6226,0
77,2,T1222.002,0.4439,0.7021,0.573,0
77,3,T1590.003,0.3799,0.74,0.56,0
77,4,T1622,0.1275,0.9539,0.5407,0
77,5,T1087,0.1352,0.782,0.4586,0
77,6,T1585,0.0279,0.8683,0.4481,0
77,7,T1070.006,0.0198,0.8598,0.4398,0
77,8,T1070.010,0.0129,0.8597,0.4363,0
77,9,T1496.002,0.0232,0.844,0.4336,0
77,10,T1608.005,0.1722,0.6847,0.4285,0
77,11,T1566,0.0225,0.8293,0.4259,0
77,12,T1499.001,0.0207,0.8172,0.419,0
77,13,T1591.004,0.1123,0.7208,0.4166,0
77,14,T1098.005,0.0342,0.7917,0.4129,0
77,15,T1585.001,0.1189,0.7069,0.4129,0
78,1,T1586.003,0.0422,0.5253,0.2837,0
78,2,T1071.004,0.0202,0.495,0.2576,0
78,3,T1195.002,0.0585,0.4485,0.2535,0
78,4,T1583.003,0.0938,0.4089,0.2514,0
78,5,T1567.004,0.0778,0.3934,0.2356,0
78,6,T1074.001,0.018,0.452,0.235,0
78,7,T1222.002,0.0359,0.4246,0.2303,0
78,8,T1213.006,0.0215,0.4072,0.2144,0
78,9,T1590.003,0.0206,0.3928,0.2067,0
78,10,T1584.001,0.0619,0.3385,0.2002,0
78,11,T1593.003,0.1377,0.2421,0.1899,0
78,12,T1480,0.0065,0.2389,0.1227,0
78,13,T1567.003,0.0087,0.227,0.1178,0
78,14,T1558.002,0.0489,0.1783,0.1136,0
78,15,T1671,0.0448,0.1782,0.1115,0
79,1,T1218.005,0.802,0.6858,0.7439,0
79,2,T1583.003,0.6398,0.603,0.6214,0
79,3,T1204.001,0.351,0.8707,0.6108,0
79,4,T1584.001,0.5517,0.5965,0.5741,0
79,5,T1567.004,0.4965,0.6223,0.5594,0
79,6,T1027.011,0.0051,0.7046,0.3548,0
79,7,T1039,0.0088,0.6712,0.34,0
79,8,T1021.002,0.0037,0.6623,0.333,0
79,9,T1059,0.0014,0.5374,0.2694,0
79,10,T1602,0.3267,0.1994,0.263,0
79,11,T1559.002,0.0393,0.4566,0.248,0
79,12,T1561,0.2482,0.2352,0.2417,0
79,13,T1048.002,0.2327,0.2049,0.2188,0
79,14,T1598.003,0.0171,0.4112,0.2142,0
79,15,T1546.011,0.0212,0.3985,0.2099,0
80,1,T1098.005,0.0668,0.7431,0.4049,0
80,2,T1496.002,0.0426,0.7548,0.3987,0
80,3,T1499.001,0.0758,0.7118,0.3938,0
80,4,T1562.007,0.0516,0.6817,0.3666,0
80,5,T1195.002,0.0037,0.487,0.2454,0
80,6,T1039,0.0225,0.4421,0.2323,0
80,7,T1027.011,0.0107,0.4478,0.2293,0
80,8,T1021.002,0.0134,0.4202,0.2168,0
80,9,T1059,0.0193,0.3945,0.2069,0
80,10,T1222.002,0.0007,0.3997,0.2002,0
80,11,T1586.003,0.0009,0.3767,0.1888,0
80,12,T1590.003,0.0007,0.3572,0.179,0
80,13,T1583.005,0.1391,0.1132,0.1262,0
80,14,T1567.003,0.0424,0.1765,0.1095,0
80,15,T1069.002,0.0128,0.1957,0.1043,0
81,1,T1204.001,0.0676,0.7137,0.3907,0
81,2,T1586.003,0.0233,0.4648,0.244,0
81,3,T1027.011,0.0023,0.4601,0.2312,0
81,4,T1195.002,0.0031,0.4479,0.2255,0
81,5,T1021.002,0.0021,0.4379,0.22,0
81,6,T1039,0.0044,0.4146,0.2095,0
81,7,T1590.003,0.0078,0.4061,0.207,0
81,8,T1222.002,0.0046,0.3998,0.2022,0
81,9,T1071.004,0.0186,0.3561,0.1873,0
81,10,T1059,0.0014,0.3661,0.1837,0
81,11,T1074.001,0.0256,0.3232,0.1744,0
81,12,T1213.006,0.0293,0.3019,0.1656,0
81,13,T1217,0.0216,0.2822,0.1519,0
81,14,T1558.002,0.0901,0.2111,0.1506,0
81,15,T1671,0.0669,0.2184,0.1426,0
82,1,T1070.003,0.185,0.8406,0.5128,0
82,2,T1573.001,0.0203,0.8291,0.4247,0
82,3,T1496.002,0.0055,0.7657,0.3856,0
82,4,T1499.001,0.0067,0.6765,0.3416,0
82,5,T1098.005,0.0013,0.6692,0.3353,0
82,6,T1027.010,0.0452,0.6095,0.3274,0
82,7,T1562.007,0.0021,0.6381,0.3201,0
82,8,T1222.001,0.0055,0.6205,0.313,0
82,9,T1027.009,0.0138,0.5429,0.2783,0
82,10,T1557,0.0091,0.547,0.2781,0
82,11,T1048.001,0.0106,0.5066,0.2586,0
82,12,T1567.002,0.0125,0.4956,0.2541,0
82,13,T1082,0.0006,0.4695,0.2351,0
82,14,T1087,0.0076,0.4499,0.2287,0
82,15,T1591.004,0.0059,0.4511,0.2285,0
83,1,T1213.006,0.393,0.7193,0.5561,0
83,2,T1071.004,0.3296,0.7814,0.5555,0
83,3,T1622,0.1653,0.9302,0.5477,0
83,4,T1560.003,0.5467,0.543,0.5449,0
83,5,T1195.002,0.2519,0.7936,0.5227,0
83,6,T1074.001,0.3033,0.7327,0.518,0
83,7,T1217,0.4941,0.4516,0.4728,0
83,8,T1586.003,0.2175,0.7174,0.4675,0
83,9,T1222.002,0.2752,0.6524,0.4638,0
83,10,T1590.003,0.2953,0.6276,0.4615,0
83,11,T1496.002,0.0472,0.8541,0.4507,0
83,12,T1027.001,0.664,0.183,0.4235,0
83,13,T1098.005,0.0149,0.7943,0.4046,0
83,14,T1499.001,0.0176,0.7783,0.398,0
83,15,T1562.007,0.0135,0.7719,0.3927,0
84,1,T1047,0.1592,0.8037,0.4815,0
84,2,T1596.003,0.126,0.6856,0.4058,0
84,3,T1027.010,0.2367,0.5622,0.3995,0
84,4,T1218.005,0.0355,0.5847,0.3101,0
84,5,T1074.001,0.1244,0.4033,0.2639,0
84,6,T1071.004,0.1179,0.3882,0.2531,0
84,7,T1213.006,0.1024,0.3893,0.2459,0
84,8,T1591.004,0.0113,0.4777,0.2445,0
84,9,T1070.006,0.0097,0.4256,0.2177,0
84,10,T1217,0.0436,0.3813,0.2125,0
84,11,T1070.010,0.0133,0.3928,0.2031,0
84,12,T1567.003,0.0955,0.2887,0.1921,0
84,13,T1585,0.0105,0.3708,0.1906,0
84,14,T1087,0.0195,0.3435,0.1815,0
84,15,T1021,0.0507,0.2941,0.1724,0
85,1,T1496.002,0.0187,0.8479,0.4333,0
85,2,T1098.005,0.0115,0.7883,0.3999,0
85,3,T1499.001,0.0075,0.7918,0.3997,0
85,4,T1562.007,0.0129,0.7704,0.3917,0
85,5,T1027.011,0.1844,0.4596,0.322,0
85,6,T1021.002,0.1999,0.4054,0.3027,0
85,7,T1027.010,0.0219,0.5754,0.2986,0
85,8,T1039,0.1736,0.4147,0.2941,0
85,9,T1591.004,0.0314,0.5371,0.2843,0
85,10,T1071.004,0.099,0.4651,0.2821,0
85,11,T1087,0.0124,0.5265,0.2695,0
85,12,T1560.003,0.0467,0.4839,0.2653,0
85,13,T1074.001,0.0958,0.3774,0.2366,0
85,14,T1567.004,0.1822,0.2858,0.234,0
85,15,T1059,0.1017,0.3558,0.2287,0
86,1,T1204.001,0.387,0.7099,0.5485,0
86,2,T1021.002,0.1278,0.5405,0.3341,0
86,3,T1027.011,0.0728,0.5638,0.3183,0
86,4,T1195.002,0.011,0.6249,0.3179,0
86,5,T1039,0.0934,0.5344,0.3139,0
86,6,T1586.003,0.0066,0.6203,0.3135,0
86,7,T1059,0.0825,0.4951,0.2888,0
86,8,T1590.003,0.0045,0.5622,0.2834,0
86,9,T1222.002,0.0046,0.5457,0.2751,0
86,10,T1074.001,0.0539,0.385,0.2195,0
86,11,T1071.004,0.0314,0.3644,0.1979,0
86,12,T1567.003,0.0618,0.3244,0.1931,0
86,13,T1602,0.1796,0.1744,0.177,0
86,14,T1213.006,0.0474,0.3027,0.175,0
86,15,T1069.002,0.0133,0.2901,0.1517,0
87,1,T1047,0.2156,0.8256,0.5206,0
87,2,T1596.003,0.1141,0.7294,0.4217,0
87,3,T1560.003,0.0083,0.4333,0.2208,0
87,4,T1590.003,0.0338,0.3991,0.2165,0
87,5,T1586.003,0.0114,0.4048,0.2081,0
87,6,T1222.002,0.0331,0.359,0.1961,0
87,7,T1039,0.0206,0.3503,0.1855,0
87,8,T1021.002,0.0097,0.3453,0.1775,0
87,9,T1027.011,0.0087,0.3394,0.174,0
87,10,T1071.004,0.0496,0.2889,0.1693,0
87,11,T1195.002,0.0176,0.3201,0.1689,0
87,12,T1074.001,0.0401,0.2893,0.1647,0
87,13,T1217,0.0257,0.3029,0.1643,0
87,14,T1213.006,0.0506,0.2671,0.1589,0
87,15,T1059,0.0078,0.293,0.1504,0
88,1,T1596.003,0.2403,0.6846,0.4624,0
88,2,T1195.002,0.0212,0.7459,0.3835,0
88,3,T1218.005,0.1436,0.6132,0.3784,0
88,4,T1070.010,0.045,0.6937,0.3693,0
88,5,T1586.003,0.0218,0.6905,0.3561,0
88,6,T1566,0.057,0.6112,0.3341,0
88,7,T1070.006,0.0384,0.6259,0.3321,0
88,8,T1222.002,0.0267,0.624,0.3254,0
88,9,T1585,0.0506,0.5897,0.3202,0
88,10,T1590.003,0.0157,0.6022,0.309,0
88,11,T1585.002,0.063,0.5387,0.3009,0
88,12,T1027.011,0.0189,0.4601,0.2395,0
88,13,T1039,0.0364,0.3959,0.2161,0
88,14,T1059,0.0095,0.4074,0.2085,0
88,15,T1021.002,0.015,0.349,0.182,0
89,1,T1622,0.1274,0.845,0.4862,0
89,2,T1496.002,0.0282,0.7656,0.3969,0
89,3,T1098.005,0.0225,0.7072,0.3649,0
89,4,T1499.001,0.0152,0.6663,0.3407,0
89,5,T1562.007,0.0184,0.663,0.3407,0
89,6,T1027.010,0.0359,0.6388,0.3373,0
89,7,T1591.004,0.0596,0.5794,0.3195,0
89,8,T1070.010,0.0248,0.5872,0.306,0
89,9,T1070.006,0.0598,0.5471,0.3034,0
89,10,T1566,0.0285,0.5295,0.279,0
89,11,T1585.001,0.0257,0.5231,0.2744,0
89,12,T1087,0.0214,0.5171,0.2693,0
89,13,T1585,0.0364,0.469,0.2527,0
89,14,T1585.002,0.0467,0.4431,0.2449,0
89,15,T1560.003,0.0191,0.4675,0.2433,0
90,1,T1553.005,0.093,0.8292,0.4611,0
90,2,T1059.003,0.088,0.8157,0.4518,0
90,3,T1591.002,0.0582,0.8384,0.4483,0
90,4,T1543.003,0.0461,0.8433,0.4447,0
90,5,T1537,0.0276,0.8593,0.4434,0
90,6,T1027.004,0.0346,0.8077,0.4211,0
90,7,T1071,0.0234,0.8113,0.4173,0
90,8,T1622,0.0038,0.7951,0.3995,0
90,9,T1082,0.2933,0.4314,0.3623,0
90,10,T1070.010,0.0315,0.6447,0.3381,0
90,11,T1585,0.0094,0.6495,0.3295,0
90,12,T1564.008,0.2687,0.3754,0.3221,0
90,13,T1070.006,0.012,0.6125,0.3123,0
90,14,T1003.003,0.2848,0.3364,0.3106,0
90,15,T1496.002,0.0001,0.6168,0.3084,0
91,1,T1567.002,0.1295,0.8167,0.4731,0
91,2,T1027.009,0.1437,0.7958,0.4697,0
91,3,T1557,0.1082,0.7742,0.4412,0
91,4,T1048.001,0.0919,0.7737,0.4328,0
91,5,T1195.002,0.0357,0.7191,0.3774,0
91,6,T1027.011,0.0175,0.6935,0.3555,0
91,7,T1021.002,0.012,0.6972,0.3546,0
91,8,T1039,0.0105,0.6811,0.3458,0
91,9,T1586.003,0.0532,0.6378,0.3455,0
91,10,T1222.002,0.0067,0.6327,0.3197,0
91,11,T1567.004,0.0555,0.5789,0.3172,0
91,12,T1027.010,0.0259,0.588,0.3069,0
91,13,T1590.003,0.0085,0.5967,0.3026,0
91,14,T1584.001,0.0465,0.5463,0.2964,0
91,15,T1059,0.0101,0.5692,0.2897,0
92,1,T1567.004,0.1484,0.681,0.4147,0
92,2,T1496.002,0.0031,0.822,0.4126,0
92,3,T1584.001,0.1098,0.7106,0.4102,0
92,4,T1583.003,0.1263,0.6706,0.3984,0
92,5,T1499.001,0.0012,0.7828,0.392,0
92,6,T1098.005,0.0015,0.7641,0.3828,0
92,7,T1562.007,0.0016,0.7512,0.3764,0
92,8,T1222.002,0.0193,0.6365,0.3279,0
92,9,T1027.011,0.0091,0.6397,0.3244,0
92,10,T1021.002,0.0094,0.638,0.3237,0
92,11,T1586.003,0.0149,0.5974,0.3062,0
92,12,T1590.003,0.0148,0.5937,0.3042,0
92,13,T1039,0.0078,0.592,0.2999,0
92,14,T1213.006,0.0406,0.5435,0.2921,0
92,15,T1074.001,0.0322,0.55,0.2911,0
93,1,T1596.003,0.3453,0.7793,0.5623,0
93,2,T1218.005,0.2377,0.7526,0.4952,0
93,3,T1496.002,0.14,0.7898,0.4649,0
93,4,T1098.005,0.1966,0.7302,0.4634,0
93,5,T1499.001,0.1358,0.7505,0.4432,0
93,6,T1562.007,0.1985,0.6417,0.4201,0
93,7,T1583.003,0.0257,0.5232,0.2745,0
93,8,T1567.004,0.0128,0.4987,0.2557,0
93,9,T1584.001,0.016,0.4763,0.2462,0
93,10,T1560.003,0.0072,0.4723,0.2397,0
93,11,T1559.002,0.0831,0.1977,0.1404,0
93,12,T1046,0.0628,0.1728,0.1178,0
93,13,T1567.001,0.0266,0.1881,0.1074,0
93,14,T1671,0.013,0.1864,0.0997,0
93,15,T1584.006,0.0187,0.1779,0.0983,0
94,1,T1586.003,0.3414,0.6054,0.4734,0
94,2,T1590.003,0.2558,0.5956,0.4257,0
94,3,T1222.002,0.2498,0.5861,0.418,0
94,4,T1222.001,0.0437,0.7812,0.4124,0
94,5,T1027.011,0.0212,0.6383,0.3297,0
94,6,T1564.008,0.0692,0.584,0.3266,0
94,7,T1584.001,0.2306,0.4102,0.3204,0
94,8,T1082,0.0551,0.5655,0.3103,0
94,9,T1039,0.0237,0.5948,0.3093,0
94,10,T1567.004,0.1565,0.4538,0.3052,0
94,11,T1021.002,0.0066,0.5744,0.2905,0
94,12,T1003.003,0.0702,0.5029,0.2866,0
94,13,T1560.003,0.0363,0.5186,0.2774,0
94,14,T1074.001,0.0642,0.4557,0.2599,0
94,15,T1583.003,0.1516,0.3599,0.2557,0
95,1,T1047,0.4321,0.9273,0.6797,0
95,2,T1596.003,0.3203,0.8253,0.5728,0
95,3,T1218.005,0.1929,0.8028,0.4979,0
95,4,T1074.001,0.0261,0.4109,0.2185,0
95,5,T1213.006,0.0305,0.3564,0.1934,0
95,6,T1071.004,0.0177,0.3594,0.1885,0
95,7,T1567.003,0.0083,0.3073,0.1578,0
95,8,T1021,0.0466,0.2429,0.1448,0
95,9,T1559.002,0.0028,0.2483,0.1255,0
95,10,T1069.002,0.0306,0.2168,0.1237,0
95,11,T1546.003,0.0209,0.1945,0.1077,0
95,12,T1480,0.0045,0.1881,0.0963,0
95,13,T1567.001,0.0665,0.1251,0.0958,0
95,14,T1583.005,0.0364,0.127,0.0817,0
95,15,T1046,0.0032,0.1588,0.081,0
96,1,T1490,0.1432,0.886,0.5146,0
96,2,T1537,0.0426,0.8865,0.4645,0
96,3,T1071,0.0483,0.8767,0.4625,0
96,4,T1027.004,0.0816,0.8428,0.4622,0
96,5,T1059.003,0.0638,0.8416,0.4527,0
96,6,T1553.005,0.0413,0.8632,0.4523,0
96,7,T1543.003,0.0284,0.8756,0.452,0
96,8,T1496.002,0.0357,0.8658,0.4508,0
96,9,T1591.002,0.0582,0.8267,0.4424,0
96,10,T1499.001,0.0255,0.8238,0.4247,0
96,11,T1098.005,0.036,0.7901,0.4131,0
96,12,T1562.007,0.0441,0.7693,0.4067,0
96,13,T1027.010,0.0309,0.6479,0.3394,0
96,14,T1591.004,0.0067,0.6348,0.3208,0
96,15,T1071.004,0.0265,0.5944,0.3104,0
97,1,T1021.002,0.1848,0.6815,0.4331,0
97,2,T1027.010,0.0673,0.7109,0.3891,0
97,3,T1039,0.1002,0.6467,0.3735,0
97,4,T1027.011,0.1217,0.6191,0.3704,0
97,5,T1087,0.0253,0.6692,0.3473,0
97,6,T1585.001,0.0317,0.6593,0.3455,0
97,7,T1059,0.0729,0.6163,0.3446,0
97,8,T1608.005,0.0118,0.6554,0.3336,0
97,9,T1195.002,0.0156,0.6003,0.3079,0
97,10,T1589.003,0.0202,0.5746,0.2974,0
97,11,T1560.003,0.0781,0.5149,0.2965,0
97,12,T1071.004,0.1283,0.4511,0.2897,0
97,13,T1608.002,0.0186,0.552,0.2853,0
97,14,T1586.003,0.0042,0.5346,0.2694,0
97,15,T1074.001,0.0885,0.4259,0.2572,0
98,1,T1622,0.2358,0.9294,0.5826,0
98,2,T1027.009,0.4073,0.7021,0.5547,0
98,3,T1557,0.4442,0.6622,0.5532,0
98,4,T1567.002,0.3397,0.658,0.4989,0
98,5,T1048.001,0.3319,0.6246,0.4783,0
98,6,T1496.002,0.0736,0.7906,0.4321,0
98,7,T1070.010,0.0236,0.8212,0.4224,0
98,8,T1098.005,0.0587,0.751,0.4049,0
98,9,T1499.001,0.0735,0.7278,0.4007,0
98,10,T1070.006,0.0189,0.7572,0.3881,0
98,11,T1585,0.0381,0.721,0.3795,0
98,12,T1562.007,0.0671,0.6743,0.3707,0
98,13,T1586.003,0.0769,0.6642,0.3706,0
98,14,T1585.002,0.0435,0.6922,0.3679,0
98,15,T1566,0.0327,0.6881,0.3604,0
99,1,T1573.001,0.1195,0.8358,0.4777,0
99,2,T1070.010,0.1764,0.6934,0.4349,0
99,3,T1566,0.2108,0.6578,0.4343,0
99,4,T1027.009,0.0429,0.8,0.4214,0
99,5,T1070.006,0.1422,0.6968,0.4195,0
99,6,T1048.001,0.0555,0.7778,0.4167,0
99,7,T1567.002,0.039,0.7902,0.4146,0
99,8,T1557,0.0269,0.7757,0.4013,0
99,9,T1585,0.0956,0.6802,0.3879,0
99,10,T1585.002,0.1472,0.5978,0.3725,0
99,11,T1021.002,0.1277,0.569,0.3483,0
99,12,T1039,0.0853,0.5942,0.3397,0
99,13,T1027.011,0.087,0.5888,0.3379,0
99,14,T1059,0.1006,0.452,0.2763,0
99,15,T1222.001,0.0366,0.5139,0.2753,0
100,1,T1596.003,0.0855,0.6915,0.3885,0
100,2,T1218.005,0.084,0.6408,0.3624,0
100,3,T1222.001,0.0942,0.5156,0.3049,0
100,4,T1082,0.1248,0.4631,0.2939,0
100,5,T1021.002,0.028,0.4639,0.2459,0
100,6,T1003.003,0.0754,0.4033,0.2393,0
100,7,T1039,0.0128,0.4572,0.235,0
100,8,T1027.011,0.0181,0.4514,0.2348,0
100,9,T1564.008,0.0733,0.3561,0.2147,0
100,10,T1059,0.0171,0.3516,0.1844,0
100,11,T1217,0.0519,0.2977,0.1748,0
100,12,T1593.002,0.0476,0.2465,0.147,0
100,13,T1048.002,0.0153,0.2571,0.1362,0
100,14,T1602,0.0259,0.2402,0.133,0
100,15,T1561,0.0243,0.2333,0.1288,0
101,1,T1573.001,0.1273,0.8487,0.488,0
101,2,T1070.003,0.1788,0.7693,0.4741,0
101,3,T1567.002,0.0774,0.7571,0.4173,0
101,4,T1204.001,0.0491,0.7819,0.4155,0
101,5,T1027.009,0.061,0.7581,0.4096,0
101,6,T1557,0.0662,0.7262,0.3962,0
101,7,T1048.001,0.0366,0.7252,0.3809,0
101,8,T1039,0.0006,0.6235,0.312,0
101,9,T1027.011,0.0013,0.6122,0.3067,0
101,10,T1021.002,0.0012,0.5595,0.2803,0
101,11,T1059,0.0012,0.4679,0.2346,0
101,12,T1222.001,0.0266,0.3422,0.1844,0
101,13,T1082,0.0036,0.3185,0.1611,0
101,14,T1671,0.057,0.2622,0.1596,0
101,15,T1003.003,0.0091,0.299,0.154,0
102,1,T1070.003,0.1118,0.8487,0.4803,0
102,2,T1204.001,0.0336,0.7514,0.3925,0
102,3,T1071.004,0.1569,0.4868,0.3218,0
102,4,T1039,0.003,0.6308,0.3169,0
102,5,T1074.001,0.1202,0.5041,0.3121,0
102,6,T1222.001,0.0572,0.5482,0.3027,0
102,7,T1027.011,0.0037,0.5808,0.2922,0
102,8,T1213.006,0.1301,0.4499,0.29,0
102,9,T1560.003,0.0841,0.4279,0.256,0
102,10,T1021.002,0.0027,0.5056,0.2542,0
102,11,T1059,0.0044,0.4465,0.2255,0
102,12,T1082,0.0188,0.4027,0.2108,0
102,13,T1564.008,0.0226,0.3125,0.1676,0
102,14,T1003.003,0.0062,0.2891,0.1476,0
102,15,T1561,0.0852,0.2011,0.1432,0
103,1,T1059.003,0.2627,0.876,0.5693,0
103,2,T1490,0.2209,0.8851,0.553,0
103,3,T1071,0.1903,0.8917,0.541,0
103,4,T1537,0.1482,0.9168,0.5325,0
103,5,T1591.002,0.1573,0.8846,0.521,0
103,6,T1027.004,0.1535,0.8595,0.5065,0
103,7,T1553.005,0.1497,0.8539,0.5018,0
103,8,T1543.003,0.0844,0.9116,0.498,0
103,9,T1496.002,0.2038,0.6796,0.4417,0
103,10,T1499.001,0.1802,0.6601,0.4202,0
103,11,T1098.005,0.1434,0.6243,0.3838,0
103,12,T1195.002,0.0574,0.6573,0.3574,0
103,13,T1562.007,0.1178,0.5763,0.3471,0
103,14,T1586.003,0.0318,0.6397,0.3358,0
103,15,T1071.004,0.0046,0.5958,0.3002,0
104,1,T1071,0.0554,0.7826,0.419,0
104,2,T1074.001,0.2648,0.5612,0.413,0
104,3,T1059.003,0.0935,0.7254,0.4094,0
104,4,T1071.004,0.2176,0.5955,0.4065,0
104,5,T1537,0.0461,0.7633,0.4047,0
104,6,T1213.006,0.2673,0.5415,0.4044,0
104,7,T1543.003,0.0396,0.7366,0.3881,0
104,8,T1553.005,0.0476,0.7272,0.3874,0
104,9,T1027.004,0.0521,0.7112,0.3817,0
104,10,T1070.010,0.0882,0.6515,0.3699,0
104,11,T1591.002,0.0395,0.6966,0.3681,0
104,12,T1070.006,0.1106,0.5852,0.3479,0
104,13,T1027.010,0.0222,0.66,0.3411,0
104,14,T1591.004,0.0219,0.6588,0.3403,0
104,15,T1585,0.0658,0.6016,0.3337,0
105,1,T1195.002,0.6951,0.7813,0.7382,0
105,2,T1059.003,0.5139,0.9256,0.7197,0
105,3,T1586.003,0.6723,0.7616,0.7169,0
105,4,T1071,0.3968,0.9646,0.6807,0
105,5,T1591.002,0.3872,0.9505,0.6689,0
105,6,T1222.002,0.6074,0.7071,0.6573,0
105,7,T1553.005,0.3275,0.9573,0.6424,0
105,8,T1543.003,0.3255,0.9562,0.6409,0
105,9,T1590.003,0.5706,0.7006,0.6356,0
105,10,T1537,0.2882,0.9586,0.6234,0
105,11,T1027.004,0.2575,0.9429,0.6002,0
105,12,T1082,0.6701,0.5278,0.5989,0
105,13,T1496.002,0.1142,0.9231,0.5187,0
105,14,T1499.001,0.079,0.9206,0.4998,0
105,15,T1564.008,0.5113,0.4706,0.491,0
106,1,T1027.010,0.0662,0.7203,0.3932,0
106,2,T1583.003,0.1777,0.5577,0.3677,0
106,3,T1567.004,0.161,0.5291,0.3451,0
106,4,T1591.004,0.0609,0.6279,0.3444,0
106,5,T1585.001,0.026,0.6609,0.3434,0
106,6,T1070.010,0.0498,0.6349,0.3423,0
106,7,T1087,0.0303,0.6421,0.3362,0
106,8,T1608.005,0.0386,0.6161,0.3274,0
106,9,T1195.002,0.0155,0.6302,0.3229,0
106,10,T1021.002,0.0055,0.6394,0.3224,0
106,11,T1027.011,0.0089,0.6265,0.3177,0
106,12,T1039,0.0099,0.6082,0.3091,0
106,13,T1584.001,0.1307,0.4798,0.3053,0
106,14,T1586.003,0.068,0.5295,0.2988,0
106,15,T1070.006,0.0351,0.5614,0.2982,0
107,1,T1218.005,0.3968,0.6221,0.5094,0
107,2,T1596.003,0.2016,0.6717,0.4366,0
107,3,T1195.002,0.1409,0.6602,0.4006,0
107,4,T1027.010,0.0913,0.666,0.3787,0
107,5,T1039,0.018,0.6733,0.3456,0
107,6,T1586.003,0.0858,0.5918,0.3388,0
107,7,T1027.011,0.0044,0.666,0.3352,0
107,8,T1591.004,0.0351,0.5962,0.3156,0
107,9,T1021.002,0.0126,0.615,0.3138,0
107,10,T1608.005,0.087,0.5361,0.3116,0
107,11,T1222.002,0.0519,0.5698,0.3109,0
107,12,T1590.003,0.0336,0.5874,0.3105,0
107,13,T1087,0.0297,0.5894,0.3095,0
107,14,T1585.001,0.0462,0.5687,0.3075,0
107,15,T1070.010,0.0154,0.5886,0.302,0
108,1,T1204.001,0.232,0.6948,0.4634,0
108,2,T1027.010,0.0323,0.7252,0.3787,0
108,3,T1021.002,0.0152,0.661,0.3381,0
108,4,T1039,0.0392,0.6367,0.338,0
108,5,T1027.011,0.0277,0.6423,0.335,0
108,6,T1591.004,0.0065,0.6418,0.3242,0
108,7,T1059,0.0201,0.5971,0.3086,0
108,8,T1087,0.0042,0.5801,0.2921,0
108,9,T1195.002,0.0342,0.5483,0.2912,0
108,10,T1608.005,0.0055,0.5688,0.2872,0
108,11,T1585.001,0.0072,0.5584,0.2828,0
108,12,T1608.002,0.0052,0.534,0.2696,0
108,13,T1589.003,0.0085,0.4876,0.248,0
108,14,T1071.004,0.0504,0.4443,0.2473,0
108,15,T1584.001,0.0613,0.4029,0.2321,0
109,1,T1071,0.9678,0.9594,0.9636,0
109,2,T1537,0.968,0.9579,0.963,0
109,3,T1553.005,0.9764,0.9419,0.9591,0
109,4,T1591.002,0.9671,0.9434,0.9552,0
109,5,T1543.003,0.949,0.9598,0.9544,0
109,6,T1027.004,0.9617,0.9423,0.952,0
109,7,T1490,0.9634,0.9337,0.9485,0
109,8,T1059.003,0.9148,0.9273,0.9211,0
109,9,T1222.001,0.409,0.8618,0.6354,0
109,10,T1074.001,0.3594,0.5808,0.4701,0
109,11,T1082,0.1417,0.7478,0.4447,0
109,12,T1071.004,0.2827,0.5873,0.435,0
109,13,T1003.003,0.1349,0.7323,0.4336,0
109,14,T1564.008,0.1246,0.6984,0.4115,0
109,15,T1213.006,0.2552,0.5355,0.3953,0
110,1,T1222.001,0.1117,0.5737,0.3427,0
110,2,T1027.010,0.0379,0.6381,0.338,0
110,3,T1591.004,0.0423,0.5484,0.2953,0
110,4,T1087,0.0175,0.5463,0.2819,0
110,5,T1082,0.0765,0.4302,0.2533,0
110,6,T1585.001,0.0208,0.479,0.2499,0
110,7,T1564.008,0.0739,0.3917,0.2328,0
110,8,T1608.002,0.0299,0.4351,0.2325,0
110,9,T1608.005,0.025,0.4365,0.2308,0
110,10,T1003.003,0.0773,0.3688,0.2231,0
110,11,T1589.003,0.0443,0.393,0.2187,0
110,12,T1074.001,0.0779,0.33,0.2039,0
110,13,T1567.003,0.0227,0.3628,0.1928,0
110,14,T1071.004,0.0586,0.3242,0.1914,0
110,15,T1213.006,0.0491,0.3095,0.1793,0
111,1,T1003.003,0.7981,0.6937,0.7459,0
111,2,T1039,0.7192,0.729,0.7241,0
111,3,T1027.011,0.6535,0.7018,0.6777,0
111,4,T1082,0.6601,0.6668,0.6635,0
111,5,T1021.002,0.4705,0.6915,0.581,0
111,6,T1564.008,0.5047,0.6211,0.5629,0
111,7,T1059,0.4818,0.6356,0.5587,0
111,8,T1027.010,0.3704,0.6856,0.528,0
111,9,T1496.002,0.2131,0.8378,0.5254,0
111,10,T1499.001,0.2477,0.7821,0.5149,0
111,11,T1562.007,0.2571,0.7539,0.5055,0
111,12,T1098.005,0.147,0.7955,0.4712,0
111,13,T1591.004,0.2326,0.6806,0.4566,0
111,14,T1071.004,0.0607,0.7842,0.4225,0
111,15,T1213.006,0.1121,0.7209,0.4165,0
112,1,T1204.001,0.4963,0.7424,0.6194,0
112,2,T1596.003,0.1108,0.709,0.4099,0
112,3,T1218.005,0.1552,0.6107,0.3829,0
112,4,T1195.002,0.0515,0.7,0.3757,0
112,5,T1586.003,0.0245,0.639,0.3317,0
112,6,T1590.003,0.0326,0.6205,0.3265,0
112,7,T1222.002,0.0404,0.6107,0.3255,0
112,8,T1021.002,0.0025,0.5555,0.279,0
112,9,T1217,0.0257,0.5188,0.2723,0
112,10,T1039,0.0059,0.5254,0.2656,0
112,11,T1027.011,0.0029,0.5222,0.2625,0
112,12,T1059,0.0038,0.4428,0.2233,0
112,13,T1027.001,0.0278,0.2736,0.1507,0
112,14,T1584.006,0.0394,0.2487,0.1441,0
112,15,T1030,0.0149,0.2327,0.1238,0
113,1,T1596.003,0.2654,0.7815,0.5234,0
113,2,T1591.004,0.0689,0.7186,0.3937,0
113,3,T1218.005,0.1406,0.6247,0.3827,0
113,4,T1583.003,0.0998,0.6481,0.3739,0
113,5,T1567.004,0.1112,0.5575,0.3343,0
113,6,T1027.011,0.0326,0.6308,0.3317,0
113,7,T1585.001,0.012,0.6468,0.3294,0
113,8,T1608.005,0.0225,0.6336,0.3281,0
113,9,T1087,0.0165,0.6308,0.3237,0
113,10,T1584.001,0.0865,0.5469,0.3167,0
113,11,T1589.003,0.0233,0.5884,0.3059,0
113,12,T1039,0.0261,0.5745,0.3003,0
113,13,T1021.002,0.011,0.5683,0.2896,0
113,14,T1059,0.0158,0.5427,0.2792,0
113,15,T1608.002,0.0193,0.4923,0.2558,0
114,1,T1222.001,0.3394,0.8326,0.586,0
114,2,T1082,0.1011,0.6661,0.3836,0
114,3,T1195.002,0.0341,0.7147,0.3744,0
114,4,T1564.008,0.1274,0.6137,0.3705,0
114,5,T1591.004,0.0678,0.6626,0.3652,0
114,6,T1586.003,0.0269,0.689,0.358,0
114,7,T1003.003,0.0885,0.5981,0.3433,0
114,8,T1222.002,0.0444,0.61,0.3272,0
114,9,T1560.003,0.1184,0.525,0.3217,0
114,10,T1590.003,0.0376,0.5513,0.2945,0
114,11,T1027.010,0.0052,0.5653,0.2852,0
114,12,T1585.001,0.0064,0.5541,0.2803,0
114,13,T1071.004,0.0244,0.5225,0.2735,0
114,14,T1087,0.0103,0.5353,0.2728,0
114,15,T1608.005,0.0026,0.4882,0.2454,0
115,1,T1047,0.3344,0.9265,0.6305,0
115,2,T1218.005,0.4056,0.7703,0.588,0
115,3,T1496.002,0.057,0.8285,0.4427,0
115,4,T1098.005,0.0773,0.7629,0.4201,0
115,5,T1499.001,0.0463,0.7747,0.4105,0
115,6,T1562.007,0.0481,0.7651,0.4066,0
115,7,T1087,0.0225,0.5533,0.2879,0
115,8,T1027.010,0.0285,0.5437,0.2861,0
115,9,T1591.004,0.015,0.526,0.2705,0
115,10,T1608.005,0.0188,0.5066,0.2627,0
115,11,T1585.001,0.0119,0.4696,0.2408,0
115,12,T1195.002,0.0384,0.4369,0.2376,0
115,13,T1589.003,0.0158,0.4451,0.2304,0
115,14,T1586.003,0.0149,0.4007,0.2078,0
115,15,T1590.003,0.0069,0.3859,0.1964,0
116,1,T1070.010,0.0924,0.7572,0.4248,0
116,2,T1585,0.0952,0.6867,0.391,0
116,3,T1070.006,0.0655,0.6835,0.3745,0
116,4,T1027.009,0.0372,0.6869,0.362,0
116,5,T1557,0.034,0.6852,0.3596,0
116,6,T1048.001,0.06,0.6589,0.3595,0
116,7,T1566,0.0693,0.6477,0.3585,0
116,8,T1585.002,0.0513,0.632,0.3416,0
116,9,T1567.002,0.0356,0.6342,0.3349,0
116,10,T1586.003,0.038,0.5437,0.2908,0
116,11,T1195.002,0.0376,0.5282,0.2829,0
116,12,T1590.003,0.0864,0.4046,0.2455,0
116,13,T1222.002,0.046,0.3995,0.2227,0
116,14,T1480,0.0173,0.3618,0.1895,0
116,15,T1567.004,0.0114,0.3633,0.1873,0
117,1,T1567.002,0.0599,0.7111,0.3855,0
117,2,T1557,0.0531,0.6963,0.3747,0
117,3,T1027.009,0.0835,0.658,0.3707,0
117,4,T1048.001,0.0543,0.6843,0.3693,0
117,5,T1591.004,0.09,0.5385,0.3142,0
117,6,T1087,0.0392,0.5815,0.3103,0
117,7,T1027.010,0.0403,0.5559,0.2981,0
117,8,T1567.004,0.0867,0.4279,0.2573,0
117,9,T1585.001,0.0217,0.4793,0.2505,0
117,10,T1584.001,0.0514,0.4462,0.2488,0
117,11,T1027.011,0.0057,0.4915,0.2486,0
117,12,T1583.003,0.0705,0.42,0.2452,0
117,13,T1021.002,0.0025,0.4839,0.2432,0
117,14,T1039,0.0035,0.4702,0.2369,0
117,15,T1608.005,0.0331,0.4313,0.2322,0
118,1,T1218.005,0.2657,0.7301,0.4979,0
118,2,T1596.003,0.2255,0.764,0.4948,0
118,3,T1490,0.0823,0.8669,0.4746,0
118,4,T1543.003,0.0189,0.8782,0.4485,0
118,5,T1537,0.0243,0.8609,0.4426,0
118,6,T1059.003,0.0356,0.8482,0.4419,0
118,7,T1071,0.0206,0.8527,0.4367,0
118,8,T1027.004,0.0398,0.8331,0.4364,0
118,9,T1553.005,0.021,0.8331,0.4271,0
118,10,T1591.002,0.0238,0.824,0.4239,0
118,11,T1087,0.1581,0.5485,0.3533,0
118,12,T1585.001,0.155,0.5056,0.3303,0
118,13,T1027.010,0.0822,0.565,0.3236,0
118,14,T1591.004,0.0665,0.5549,0.3107,0
118,15,T1608.005,0.1808,0.4043,0.2925,0
119,1,T1082,0.516,0.7677,0.6419,0
119,2,T1564.008,0.5187,0.7458,0.6323,0
119,3,T1003.003,0.3877,0.7154,0.5516,0
119,4,T1039,0.2939,0.651,0.4725,0
119,5,T1591.004,0.0533,0.8473,0.4503,0
119,6,T1567.004,0.1732,0.652,0.4126,0
119,7,T1027.010,0.029,0.7897,0.4094,0
119,8,T1021.002,0.1555,0.6499,0.4027,0
119,9,T1027.011,0.2102,0.5838,0.397,0
119,10,T1608.005,0.0147,0.7689,0.3918,0
119,11,T1087,0.0125,0.766,0.3892,0
119,12,T1585.001,0.0169,0.7612,0.3891,0
119,13,T1583.003,0.1042,0.6591,0.3816,0
119,14,T1584.001,0.0941,0.6283,0.3612,0
119,15,T1589.003,0.0191,0.6893,0.3542,0
120,1,T1204.001,0.5808,0.6977,0.6393,0
120,2,T1070.003,0.2749,0.857,0.566,0
120,3,T1596.003,0.2625,0.7981,0.5303,0
120,4,T1218.005,0.2188,0.7296,0.4742,0
120,5,T1222.001,0.0119,0.738,0.3749,0
120,6,T1027.011,0.0185,0.6019,0.3102,0
120,7,T1039,0.0283,0.5706,0.2994,0
120,8,T1082,0.0012,0.5871,0.2941,0
120,9,T1564.008,0.0005,0.5454,0.273,0
120,10,T1021.002,0.0154,0.5288,0.2721,0
120,11,T1059,0.0216,0.4938,0.2577,0
120,12,T1003.003,0.0005,0.4914,0.2459,0
120,13,T1560.003,0.056,0.3557,0.2058,0
120,14,T1070.008,0.0223,0.3264,0.1744,0
120,15,T1070.004,0.0452,0.2844,0.1648,0
121,1,T1622,0.1757,0.8315,0.5036,0
121,2,T1490,0.1359,0.7935,0.4647,0
121,3,T1591.002,0.0641,0.7086,0.3864,0
121,4,T1537,0.0232,0.7473,0.3853,0
121,5,T1059.003,0.0572,0.7101,0.3836,0
121,6,T1496.002,0.014,0.7523,0.3831,0
121,7,T1071,0.0164,0.7423,0.3794,0
121,8,T1499.001,0.0143,0.7416,0.3779,0
121,9,T1027.004,0.028,0.7186,0.3733,0
121,10,T1543.003,0.0382,0.6944,0.3663,0
121,11,T1562.007,0.0062,0.7229,0.3645,0
121,12,T1553.005,0.0495,0.6737,0.3616,0
121,13,T1098.005,0.0077,0.7116,0.3597,0
121,14,T1027.010,0.021,0.6975,0.3593,0
121,15,T1087,0.0419,0.6428,0.3424,0
122,1,T1204.001,0.4442,0.8031,0.6237,0
122,2,T1557,0.0684,0.7561,0.4122,0
122,3,T1048.001,0.1484,0.6709,0.4097,0
122,4,T1027.009,0.0738,0.7168,0.3953,0
122,5,T1567.002,0.0646,0.7235,0.3941,0
122,6,T1027.010,0.0667,0.6272,0.347,0
122,7,T1591.004,0.044,0.6201,0.3321,0
122,8,T1021.002,0.01,0.6538,0.3319,0
122,9,T1027.011,0.0031,0.6173,0.3102,0
122,10,T1039,0.0025,0.6122,0.3073,0
122,11,T1087,0.0362,0.5738,0.305,0
122,12,T1585.001,0.062,0.5323,0.2971,0
122,13,T1059,0.0043,0.588,0.2961,0
122,14,T1195.002,0.0525,0.5018,0.2772,0
122,15,T1608.005,0.0455,0.5087,0.2771,0
123,1,T1047,0.163,0.8793,0.5211,0
123,2,T1204.001,0.181,0.7454,0.4632,0
123,3,T1074.001,0.2618,0.5013,0.3816,0
123,4,T1596.003,0.0624,0.6844,0.3734,0
123,5,T1071.004,0.2047,0.5284,0.3665,0
123,6,T1070.010,0.0049,0.7138,0.3593,0
123,7,T1070.006,0.003,0.7009,0.352,0
123,8,T1585,0.0028,0.6874,0.3451,0
123,9,T1218.005,0.0183,0.6278,0.3231,0
123,10,T1213.006,0.2106,0.4302,0.3204,0
123,11,T1566,0.0024,0.6194,0.3109,0
123,12,T1585.002,0.0036,0.6145,0.3091,0
123,13,T1583.003,0.0078,0.5724,0.2901,0
123,14,T1567.004,0.0076,0.5538,0.2807,0
123,15,T1039,0.0039,0.5219,0.2629,0
124,1,T1204.001,0.4801,0.6973,0.5887,0
124,2,T1496.002,0.1474,0.7544,0.4509,0
124,3,T1499.001,0.0779,0.7176,0.3978,0
124,4,T1098.005,0.1127,0.6431,0.3779,0
124,5,T1562.007,0.0804,0.6311,0.3558,0
124,6,T1087,0.027,0.6522,0.3396,0
124,7,T1608.005,0.0316,0.5492,0.2904,0
124,8,T1591.004,0.0469,0.5106,0.2788,0
124,9,T1027.011,0.0074,0.5221,0.2647,0
124,10,T1585.001,0.0195,0.494,0.2567,0
124,11,T1039,0.0083,0.4991,0.2537,0
124,12,T1021.002,0.0076,0.4932,0.2504,0
124,13,T1589.003,0.0249,0.4745,0.2497,0
124,14,T1584.001,0.01,0.4817,0.2459,0
124,15,T1583.003,0.0188,0.4448,0.2318,0
125,1,T1586.003,0.1806,0.5688,0.3747,0
125,2,T1195.002,0.0558,0.6034,0.3296,0
125,3,T1590.003,0.081,0.5612,0.3211,0
125,4,T1027.010,0.0326,0.6068,0.3197,0
125,5,T1222.002,0.0719,0.5569,0.3144,0
125,6,T1591.004,0.0174,0.587,0.3022,0
125,7,T1087,0.0047,0.5237,0.2642,0
125,8,T1585.001,0.0102,0.4848,0.2475,0
125,9,T1608.005,0.0074,0.4342,0.2208,0
125,10,T1608.002,0.0083,0.4278,0.2181,0
125,11,T1589.003,0.0134,0.4051,0.2092,0
125,12,T1558.002,0.0811,0.2456,0.1633,0
125,13,T1671,0.0617,0.2442,0.153,0
125,14,T1074.001,0.0034,0.284,0.1437,0
125,15,T1567.001,0.0697,0.2123,0.141,0
126,1,T1070.003,0.3616,0.8362,0.5989,0
126,2,T1496.002,0.0282,0.7934,0.4108,0
126,3,T1098.005,0.0396,0.7336,0.3866,0
126,4,T1499.001,0.0332,0.7262,0.3797,0
126,5,T1082,0.0671,0.658,0.3626,0
126,6,T1562.007,0.0228,0.6749,0.3488,0
126,7,T1585.001,0.0842,0.6048,0.3445,0
126,8,T1087,0.0406,0.6391,0.3399,0
126,9,T1027.010,0.0391,0.6343,0.3367,0
126,10,T1003.003,0.0739,0.5987,0.3363,0
126,11,T1589.003,0.0962,0.5526,0.3244,0
126,12,T1608.005,0.0561,0.5642,0.3102,0
126,13,T1564.008,0.0285,0.5637,0.2961,0
126,14,T1608.002,0.064,0.5026,0.2833,0
126,15,T1583.003,0.1129,0.4307,0.2718,0
127,1,T1496.002,0.1527,0.6854,0.4191,0
127,2,T1098.005,0.1368,0.6727,0.4047,0
127,3,T1499.001,0.176,0.6077,0.3919,0
127,4,T1562.007,0.1485,0.5487,0.3486,0
127,5,T1195.002,0.0018,0.6703,0.336,0
127,6,T1560.003,0.0425,0.5788,0.3107,0
127,7,T1027.011,0.0156,0.5351,0.2754,0
127,8,T1590.003,0.0053,0.5427,0.274,0
127,9,T1039,0.0374,0.5102,0.2738,0
127,10,T1021.002,0.0163,0.4916,0.2539,0
127,11,T1586.003,0.0016,0.4906,0.2461,0
127,12,T1222.002,0.0009,0.4817,0.2413,0
127,13,T1217,0.0119,0.4479,0.2299,0
127,14,T1059,0.0285,0.4136,0.221,0
127,15,T1074.001,0.0329,0.4079,0.2204,0
128,1,T1586.003,0.8503,0.8698,0.8601,0
128,2,T1222.002,0.5816,0.7879,0.6848,0
128,3,T1590.003,0.5339,0.8258,0.6798,0
128,4,T1583.003,0.7616,0.5,0.6308,0
128,5,T1584.001,0.6433,0.5467,0.595,0
128,6,T1567.004,0.5683,0.5175,0.5429,0
128,7,T1222.001,0.1026,0.8052,0.4539,0
128,8,T1082,0.1456,0.689,0.4173,0
128,9,T1567.003,0.4146,0.3299,0.3723,0
128,10,T1564.008,0.11,0.5714,0.3407,0
128,11,T1003.003,0.0672,0.5805,0.3238,0
128,12,T1039,0.018,0.5846,0.3013,0
128,13,T1027.011,0.0167,0.5591,0.2879,0
128,14,T1021.002,0.0113,0.4613,0.2363,0
128,15,T1059,0.0073,0.4364,0.2219,0
129,1,T1047,0.739,0.9416,0.8403,0
129,2,T1596.003,0.687,0.9218,0.8044,0
129,3,T1218.005,0.6058,0.8669,0.7364,0
129,4,T1027.010,0.0648,0.6829,0.3739,0
129,5,T1071.004,0.0434,0.6283,0.3359,0
129,6,T1074.001,0.0658,0.5978,0.3318,0
129,7,T1213.006,0.0482,0.5804,0.3143,0
129,8,T1591.004,0.0248,0.5814,0.3031,0
129,9,T1087,0.0211,0.516,0.2685,0
129,10,T1589.003,0.042,0.3944,0.2182,0
129,11,T1608.005,0.0244,0.3929,0.2086,0
129,12,T1585.001,0.0171,0.3981,0.2076,0
129,13,T1608.002,0.0213,0.3779,0.1996,0
129,14,T1671,0.0491,0.3297,0.1894,0
129,15,T1567.003,0.0372,0.3329,0.1851,0
130,1,T1204.001,0.4003,0.7597,0.58,0
130,2,T1622,0.0666,0.8208,0.4437,0
130,3,T1496.002,0.0051,0.7388,0.3719,0
130,4,T1195.002,0.0032,0.7301,0.3667,0
130,5,T1039,0.0486,0.6397,0.3442,0
130,6,T1499.001,0.0018,0.6742,0.338,0
130,7,T1586.003,0.0008,0.6732,0.337,0
130,8,T1562.007,0.0024,0.65,0.3262,0
130,9,T1098.005,0.0025,0.6415,0.322,0
130,10,T1027.011,0.0251,0.6138,0.3195,0
130,11,T1070.010,0.0152,0.5785,0.2968,0
130,12,T1059,0.0313,0.5607,0.296,0
130,13,T1021.002,0.0187,0.571,0.2948,0
130,14,T1074.001,0.0852,0.4973,0.2913,0
130,15,T1071.004,0.0692,0.483,0.2761,0
131,1,T1622,0.2786,0.9114,0.595,0
131,2,T1059.003,0.1021,0.8937,0.4979,0
131,3,T1490,0.1052,0.883,0.4941,0
131,4,T1553.005,0.101,0.8818,0.4914,0
131,5,T1543.003,0.0599,0.9125,0.4862,0
131,6,T1027.004,0.0503,0.8919,0.4711,0
131,7,T1591.002,0.0416,0.8913,0.4664,0
131,8,T1537,0.0143,0.9112,0.4627,0
131,9,T1071,0.0136,0.9058,0.4597,0
131,10,T1027.010,0.0789,0.8124,0.4456,0
131,11,T1596.003,0.1374,0.6946,0.416,0
131,12,T1608.005,0.0382,0.7887,0.4135,0
131,13,T1222.001,0.1053,0.7175,0.4114,0
131,14,T1591.004,0.0531,0.7652,0.4092,0
131,15,T1087,0.0323,0.7489,0.3906,0
132,1,T1583.003,0.8541,0.6,0.7271,0
132,2,T1584.001,0.8587,0.5678,0.7132,0
132,3,T1567.004,0.8031,0.609,0.706,0
132,4,T1591.004,0.4523,0.541,0.4967,0
132,5,T1567.003,0.5841,0.2722,0.4282,0
132,6,T1480,0.5841,0.2609,0.4225,0
132,7,T1003,0.614,0.2277,0.4208,0
132,8,T1213.006,0.4919,0.3221,0.407,0
132,9,T1195.002,0.0867,0.7261,0.4064,0
132,10,T1071.004,0.4308,0.3523,0.3916,0
132,11,T1222.002,0.1435,0.6379,0.3907,0
132,12,T1560.003,0.009,0.733,0.371,0
132,13,T1074.001,0.403,0.3253,0.3641,0
132,14,T1586.003,0.0506,0.6717,0.3612,0
132,15,T1590.003,0.1431,0.5504,0.3468,0
133,1,T1496.002,0.2452,0.868,0.5566,0
133,2,T1499.001,0.251,0.8395,0.5452,0
133,3,T1098.005,0.2159,0.8145,0.5152,0
133,4,T1562.007,0.1708,0.7943,0.4826,0
133,5,T1039,0.0638,0.739,0.4014,0
133,6,T1027.011,0.0663,0.6957,0.381,0
133,7,T1021.002,0.0815,0.6718,0.3766,0
133,8,T1213.006,0.1991,0.5003,0.3497,0
133,9,T1059,0.0575,0.6322,0.3448,0
133,10,T1071.004,0.0932,0.5461,0.3197,0
133,11,T1567.004,0.0212,0.6006,0.3109,0
133,12,T1591.004,0.0489,0.5716,0.3103,0
133,13,T1074.001,0.0878,0.5294,0.3086,0
133,14,T1087,0.0433,0.5656,0.3044,0
133,15,T1585.001,0.0737,0.5264,0.3,0
134,1,T1204.001,0.1917,0.7704,0.481,0
134,2,T1567.002,0.1231,0.6633,0.3932,0
134,3,T1557,0.084,0.6915,0.3878,0
134,4,T1048.001,0.1073,0.6235,0.3654,0
134,5,T1027.009,0.0705,0.6218,0.3461,0
134,6,T1021.002,0.0102,0.4885,0.2494,0
134,7,T1584.001,0.0286,0.4592,0.2439,0
134,8,T1583.003,0.017,0.4687,0.2428,0
134,9,T1567.004,0.0214,0.4578,0.2396,0
134,10,T1027.011,0.0122,0.4562,0.2342,0
134,11,T1039,0.0102,0.4338,0.222,0
134,12,T1071.004,0.0316,0.3903,0.211,0
134,13,T1059,0.0134,0.3756,0.1945,0
134,14,T1074.001,0.0545,0.3071,0.1808,0
134,15,T1213.006,0.0264,0.3315,0.179,0
135,1,T1622,0.0474,0.8512,0.4493,0
135,2,T1070.003,0.1303,0.7184,0.4243,0
135,3,T1496.002,0.0012,0.7892,0.3952,0
135,4,T1499.001,0.0014,0.7404,0.3709,0
135,5,T1562.007,0.0023,0.7318,0.3671,0
135,6,T1070.010,0.0724,0.6161,0.3443,0
135,7,T1585,0.0352,0.6456,0.3404,0
135,8,T1071.004,0.0758,0.5801,0.328,0
135,9,T1098.005,0.0006,0.6544,0.3275,0
135,10,T1070.006,0.0293,0.6132,0.3212,0
135,11,T1566,0.0558,0.5661,0.311,0
135,12,T1074.001,0.026,0.5841,0.305,0
135,13,T1585.002,0.0302,0.5612,0.2957,0
135,14,T1213.006,0.0464,0.4959,0.2712,0
135,15,T1584.001,0.0049,0.5149,0.2599,0
136,1,T1622,0.2271,0.9073,0.5672,0
136,2,T1499.001,0.0108,0.765,0.3879,0
136,3,T1496.002,0.0113,0.7535,0.3824,0
136,4,T1585,0.057,0.695,0.376,0
136,5,T1070.010,0.0273,0.6889,0.3581,0
136,6,T1596.003,0.0814,0.6333,0.3574,0
136,7,T1070.006,0.0424,0.6717,0.3571,0
136,8,T1562.007,0.0098,0.7011,0.3555,0
136,9,T1098.005,0.0091,0.6829,0.346,0
136,10,T1087,0.0164,0.6484,0.3324,0
136,11,T1585.002,0.0545,0.584,0.3193,0
136,12,T1039,0.1171,0.504,0.3105,0
136,13,T1218.005,0.0221,0.5953,0.3087,0
136,14,T1566,0.0404,0.5646,0.3025,0
136,15,T1027.011,0.136,0.4674,0.3017,0
137,1,T1222.001,0.0515,0.6699,0.3607,0
137,2,T1496.002,0.0007,0.7134,0.357,0
137,3,T1071.004,0.1456,0.532,0.3388,0
137,4,T1195.002,0.0071,0.6601,0.3336,0
137,5,T1499.001,0.0006,0.6421,0.3213,0
137,6,T1074.001,0.0776,0.5391,0.3084,0
137,7,T1098.005,0.0009,0.6122,0.3066,0
137,8,T1082,0.0416,0.5615,0.3015,0
137,9,T1213.006,0.1232,0.4636,0.2934,0
137,10,T1562.007,0.0003,0.5706,0.2854,0
137,11,T1564.008,0.0345,0.5323,0.2834,0
137,12,T1586.003,0.0011,0.5438,0.2724,0
137,13,T1003.003,0.0221,0.5154,0.2688,0
137,14,T1222.002,0.002,0.5315,0.2667,0
137,15,T1590.003,0.0013,0.5248,0.263,0
138,1,T1204.001,0.6016,0.8589,0.7303,0
138,2,T1499.001,0.0172,0.7493,0.3832,0
138,3,T1496.002,0.014,0.744,0.379,0
138,4,T1098.005,0.0194,0.7339,0.3766,0
138,5,T1562.007,0.0254,0.6581,0.3417,0
138,6,T1074.001,0.2208,0.4626,0.3417,0
138,7,T1071.004,0.1656,0.4957,0.3306,0
138,8,T1213.006,0.1224,0.4786,0.3005,0
138,9,T1560.003,0.0147,0.4849,0.2498,0
138,10,T1027.011,0.0435,0.4537,0.2486,0
138,11,T1039,0.0313,0.4601,0.2457,0
138,12,T1059,0.0811,0.4059,0.2435,0
138,13,T1021.002,0.0394,0.4439,0.2417,0
138,14,T1027.001,0.0039,0.3441,0.174,0
138,15,T1030,0.0037,0.3311,0.1674,0
139,1,T1222.002,0.146,0.6164,0.3812,0
139,2,T1590.003,0.1245,0.6345,0.3795,0
139,3,T1586.003,0.0845,0.6229,0.3537,0
139,4,T1496.002,0.003,0.6872,0.3451,0
139,5,T1098.005,0.0025,0.636,0.3192,0
139,6,T1499.001,0.0038,0.6212,0.3125,0
139,7,T1087,0.0273,0.5873,0.3073,0
139,8,T1591.004,0.0631,0.5233,0.2932,0
139,9,T1039,0.0285,0.5354,0.282,0
139,10,T1074.001,0.0428,0.5197,0.2812,0
139,11,T1562.007,0.0027,0.5552,0.279,0
139,12,T1021.002,0.0094,0.5404,0.2749,0
139,13,T1027.011,0.0091,0.531,0.27,0
139,14,T1585.001,0.0192,0.5187,0.2689,0
139,15,T1071.004,0.0528,0.473,0.2629,0
140,1,T1048.001,0.1723,0.8076,0.49,0
140,2,T1557,0.1401,0.8373,0.4887,0
140,3,T1027.009,0.1241,0.8513,0.4877,0
140,4,T1567.002,0.129,0.8281,0.4785,0
140,5,T1490,0.0619,0.8404,0.4511,0
140,6,T1543.003,0.0072,0.8326,0.4199,0
140,7,T1071,0.0053,0.825,0.4151,0
140,8,T1537,0.0053,0.8234,0.4143,0
140,9,T1027.004,0.0115,0.7971,0.4043,0
140,10,T1059.003,0.0155,0.7761,0.3958,0
140,11,T1586.003,0.0621,0.7282,0.3952,0
140,12,T1553.005,0.0046,0.7808,0.3927,0
140,13,T1591.002,0.0045,0.7756,0.3901,0
140,14,T1195.002,0.067,0.7099,0.3885,0
140,15,T1590.003,0.063,0.6621,0.3626,0
141,1,T1222.002,0.0815,0.5517,0.3166,0
141,2,T1195.002,0.0715,0.5518,0.3116,0
141,3,T1583.003,0.1412,0.4606,0.3009,0
141,4,T1567.004,0.1284,0.4696,0.299,0
141,5,T1590.003,0.0485,0.541,0.2948,0
141,6,T1586.003,0.0592,0.5287,0.2939,0
141,7,T1584.001,0.1138,0.4211,0.2674,0
141,8,T1593.003,0.2973,0.1712,0.2343,0
141,9,T1217,0.079,0.3518,0.2154,0
141,10,T1071.004,0.0761,0.2703,0.1732,0
141,11,T1213.006,0.1354,0.2006,0.168,0
141,12,T1074.001,0.0705,0.2448,0.1576,0
141,13,T1480,0.0021,0.2374,0.1197,0
141,14,T1567.003,0.002,0.2345,0.1182,0
141,15,T1030,0.0175,0.2056,0.1115,0
142,1,T1070.003,0.9068,0.9033,0.9051,0
142,2,T1586.003,0.4368,0.7762,0.6065,0
142,3,T1590.003,0.3754,0.7731,0.5743,0
142,4,T1222.002,0.3321,0.7372,0.5346,0
142,5,T1567.004,0.2846,0.7608,0.5227,0
142,6,T1584.001,0.2521,0.7492,0.5007,0
142,7,T1583.003,0.2222,0.7723,0.4973,0
142,8,T1195.002,0.1967,0.7702,0.4835,0
142,9,T1087,0.2436,0.6806,0.4621,0
142,10,T1222.001,0.4041,0.5118,0.458,0
142,11,T1585.001,0.2463,0.6249,0.4356,0
142,12,T1589.003,0.3096,0.5087,0.4092,0
142,13,T1608.005,0.1868,0.5579,0.3724,0
142,14,T1071.004,0.1273,0.5956,0.3614,0
142,15,T1074.001,0.0828,0.5896,0.3362,0
143,1,T1496.002,0.1335,0.8103,0.4719,0
143,2,T1499.001,0.1258,0.8108,0.4683,0
143,3,T1070.003,0.1222,0.782,0.4521,0
143,4,T1562.007,0.0931,0.7277,0.4104,0
143,5,T1098.005,0.0772,0.7412,0.4092,0
143,6,T1591.004,0.064,0.6795,0.3717,0
143,7,T1087,0.0361,0.7002,0.3682,0
143,8,T1027.010,0.0245,0.6674,0.3459,0
143,9,T1585.001,0.0221,0.6121,0.3171,0
143,10,T1608.002,0.0309,0.5738,0.3023,0
143,11,T1608.005,0.0324,0.54,0.2862,0
143,12,T1589.003,0.0191,0.5484,0.2838,0
143,13,T1222.001,0.0533,0.5074,0.2803,0
143,14,T1560.003,0.0401,0.492,0.2661,0
143,15,T1082,0.0049,0.4273,0.2161,0
144,1,T1562.007,0.7204,0.829,0.7747,0
144,2,T1499.001,0.7013,0.82,0.7606,0
144,3,T1496.002,0.6333,0.8582,0.7458,0
144,4,T1222.001,0.545,0.8665,0.7057,0
144,5,T1098.005,0.5322,0.7926,0.6624,0
144,6,T1082,0.4956,0.7741,0.6349,0
144,7,T1564.008,0.5186,0.7471,0.6329,0
144,8,T1003.003,0.3839,0.7384,0.5612,0
144,9,T1039,0.1591,0.7953,0.4772,0
144,10,T1021.002,0.1662,0.7305,0.4484,0
144,11,T1074.001,0.5105,0.3823,0.4464,0
144,12,T1027.011,0.1152,0.7604,0.4378,0
144,13,T1213.006,0.4841,0.3796,0.4319,0
144,14,T1071.004,0.449,0.4135,0.4313,0
144,15,T1059,0.091,0.7137,0.4023,0
145,1,T1591.004,0.0461,0.7195,0.3828,0
145,2,T1070.010,0.0503,0.711,0.3806,0
145,3,T1027.010,0.0489,0.6857,0.3673,0
145,4,T1087,0.0183,0.6702,0.3442,0
145,5,T1585,0.0468,0.6331,0.34,0
145,6,T1070.006,0.0544,0.6144,0.3344,0
145,7,T1608.005,0.0081,0.6399,0.324,0
145,8,T1585.001,0.0137,0.6291,0.3214,0
145,9,T1583.003,0.0695,0.5646,0.317,0
145,10,T1566,0.056,0.5754,0.3157,0
145,11,T1584.001,0.0649,0.5549,0.3099,0
145,12,T1567.004,0.0649,0.5265,0.2957,0
145,13,T1589.003,0.0097,0.569,0.2893,0
145,14,T1585.002,0.0435,0.5216,0.2826,0
145,15,T1608.002,0.0144,0.5175,0.266,0
146,1,T1496.002,0.43,0.878,0.654,0
146,2,T1499.001,0.4227,0.8599,0.6413,0
146,3,T1562.007,0.4123,0.8292,0.6207,0
146,4,T1583.003,0.5273,0.7076,0.6175,0
146,5,T1098.005,0.4083,0.8259,0.6171,0
146,6,T1567.004,0.4788,0.6386,0.5587,0
146,7,T1584.001,0.4086,0.6066,0.5076,0
146,8,T1591.004,0.0141,0.9041,0.4591,0
146,9,T1087,0.0025,0.8855,0.444,0
146,10,T1608.002,0.0028,0.8597,0.4313,0
146,11,T1608.005,0.0033,0.8545,0.4289,0
146,12,T1027.010,0.0295,0.8258,0.4276,0
146,13,T1585.001,0.0035,0.8504,0.427,0
146,14,T1589.003,0.0031,0.8312,0.4172,0
146,15,T1222.002,0.004,0.5917,0.2979,0
147,1,T1218.005,0.8402,0.7768,0.8085,0
147,2,T1583.003,0.459,0.6383,0.5487,0
147,3,T1584.001,0.3957,0.6569,0.5263,0
147,4,T1567.004,0.3121,0.6224,0.4673,0
147,5,T1027.010,0.3009,0.6249,0.4629,0
147,6,T1559.002,0.0858,0.7224,0.4041,0
147,7,T1046,0.0536,0.7099,0.3818,0
147,8,T1070.004,0.0414,0.6853,0.3633,0
147,9,T1598.003,0.0319,0.664,0.3479,0
147,10,T1546.011,0.0147,0.631,0.3229,0
147,11,T1608.004,0.0255,0.6114,0.3185,0
147,12,T1070.008,0.0312,0.5935,0.3123,0
147,13,T1070.010,0.0236,0.5915,0.3075,0
147,14,T1591.004,0.0413,0.5361,0.2887,0
147,15,T1070.006,0.0202,0.552,0.2861,0
148,1,T1027.010,0.0677,0.5967,0.3322,0
148,2,T1591.004,0.069,0.5417,0.3054,0
148,3,T1087,0.0103,0.5636,0.2869,0
148,4,T1560.003,0.047,0.5215,0.2842,0
148,5,T1585.001,0.0063,0.5041,0.2552,0
148,6,T1608.005,0.007,0.4827,0.2449,0
148,7,T1584.001,0.017,0.459,0.238,0
148,8,T1589.003,0.0102,0.4581,0.2341,0
148,9,T1027.011,0.111,0.3299,0.2205,0
148,10,T1583.003,0.017,0.4208,0.2189,0
148,11,T1567.004,0.0203,0.3997,0.21,0
148,12,T1608.002,0.0094,0.3848,0.1971,0
148,13,T1217,0.0735,0.2748,0.1741,0
148,14,T1561,0.0369,0.3084,0.1726,0
148,15,T1039,0.05,0.289,0.1695,0
149,1,T1622,0.6185,0.9088,0.7637,0
149,2,T1596.003,0.2009,0.766,0.4834,0
149,3,T1218.005,0.2295,0.7113,0.4704,0
149,4,T1496.002,0.1807,0.755,0.4678,0
149,5,T1098.005,0.2143,0.6896,0.4519,0
149,6,T1499.001,0.2209,0.6733,0.4471,0
149,7,T1562.007,0.1272,0.6222,0.3747,0
149,8,T1222.001,0.0632,0.6674,0.3653,0
149,9,T1003.003,0.0978,0.6093,0.3535,0
149,10,T1027.010,0.0165,0.6704,0.3434,0
149,11,T1082,0.1185,0.5483,0.3334,0
149,12,T1087,0.0082,0.5894,0.2988,0
149,13,T1585.001,0.0062,0.5822,0.2942,0
149,14,T1070.010,0.0149,0.5615,0.2882,0
149,15,T1564.008,0.0661,0.4927,0.2794,0
150,1,T1490,0.0451,0.7825,0.4138,0
150,2,T1071,0.0063,0.813,0.4097,0
150,3,T1537,0.0043,0.8127,0.4085,0
150,4,T1553.005,0.0064,0.7946,0.4005,0
150,5,T1543.003,0.0041,0.7849,0.3945,0
150,6,T1070.006,0.0925,0.6953,0.3939,0
150,7,T1059.003,0.0204,0.749,0.3847,0
150,8,T1591.002,0.0054,0.7589,0.3821,0
150,9,T1585,0.0696,0.6776,0.3736,0
150,10,T1566,0.0933,0.6459,0.3696,0
150,11,T1027.004,0.0048,0.7319,0.3684,0
150,12,T1070.010,0.0492,0.672,0.3606,0
150,13,T1585.002,0.102,0.6185,0.3602,0
150,14,T1039,0.025,0.4982,0.2616,0
150,15,T1027.011,0.0179,0.4862,0.2521,0
