ORGID,Rank,EXID,CF_Predicted_Rating,Content_Score,Hybrid_Score
107,1,64,3.3452,0.0784,0.5355
107,2,28,3.3351,0.0856,0.534
107,3,3,3.338,0.0775,0.5338
107,4,21,3.2604,0.1073,0.5193
107,5,80,3.2234,0.0926,0.5095
107,6,44,3.2078,0.0852,0.5053
107,7,78,3.1946,0.094,0.5032
107,8,93,3.2063,0.0601,0.5024
107,9,60,3.176,0.1147,0.5011
107,10,85,3.1614,0.0818,0.4945
118,1,80,3.4784,0.0888,0.5665
118,2,28,3.473,0.0631,0.5627
118,3,43,3.4085,0.0827,0.5502
118,4,64,3.4113,0.0594,0.5485
118,5,47,3.4058,0.0699,0.5483
118,6,78,3.3907,0.0851,0.5464
118,7,21,3.3743,0.0853,0.5427
118,8,39,3.3796,0.0619,0.5416
118,9,44,3.3721,0.0588,0.5396
118,10,56,3.3642,0.0576,0.5377
19,1,64,3.4228,0.0888,0.554
19,2,3,3.3737,0.0952,0.5436
19,3,23,3.3466,0.0766,0.5356
19,4,47,3.3324,0.0995,0.5348
19,5,21,3.318,0.0721,0.5288
19,6,43,3.2924,0.1152,0.5273
19,7,78,3.2795,0.0983,0.5227
19,8,39,3.2841,0.0687,0.5208
19,9,46,3.265,0.1049,0.5201
19,10,44,3.2459,0.1418,0.5195
93,1,3,3.8214,0.1069,0.6455
93,2,64,3.7471,0.0813,0.6262
93,3,43,3.7081,0.1287,0.6222
93,4,80,3.6299,0.0868,0.6004
93,5,78,3.5866,0.1121,0.5932
93,6,21,3.5989,0.0613,0.5909
93,7,76,3.5671,0.0994,0.5875
93,8,39,3.5757,0.0734,0.5869
93,9,47,3.5491,0.0952,0.5831
93,10,1,3.5399,0.0917,0.5806
27,1,43,3.3976,0.1476,0.5542
27,2,3,3.405,0.1228,0.5534
27,3,64,3.3422,0.0738,0.5344
27,4,78,3.3211,0.0846,0.5307
27,5,23,3.2886,0.0708,0.522
27,6,69,3.2515,0.087,0.5153
27,7,47,3.2464,0.0786,0.5133
27,8,39,3.2262,0.097,0.5106
27,9,56,3.2291,0.0882,0.5104
27,10,91,3.2095,0.1212,0.5092
97,1,3,3.7053,0.0891,0.6176
97,2,64,3.6972,0.069,0.6138
97,3,23,3.5588,0.0814,0.5839
97,4,56,3.5403,0.118,0.5834
97,5,78,3.5506,0.0746,0.5813
97,6,43,3.4532,0.1134,0.5633
97,7,60,3.4561,0.1043,0.5631
97,8,80,3.4677,0.0651,0.5617
97,9,14,3.432,0.0972,0.5569
97,10,28,3.443,0.0602,0.5557
71,1,3,3.289,0.0799,0.523
71,2,64,3.2414,0.0688,0.5112
71,3,80,3.2128,0.0621,0.5041
71,4,23,3.1762,0.078,0.4974
71,5,78,3.1536,0.0537,0.4899
71,6,39,3.1438,0.0602,0.4884
71,7,60,3.1293,0.0654,0.4856
71,8,49,3.1022,0.0751,0.4805
71,9,94,3.0736,0.0685,0.4734
71,10,47,3.0369,0.1471,0.473
4,1,3,3.259,0.1387,0.5221
4,2,64,3.1744,0.0792,0.4972
4,3,21,3.1646,0.0822,0.4952
4,4,20,3.1132,0.0813,0.4836
4,5,76,3.0974,0.0886,0.4808
4,6,23,3.088,0.0741,0.4772
4,7,46,3.0891,0.0718,0.4772
4,8,80,3.0563,0.1024,0.4729
4,9,60,3.0372,0.1352,0.4719
4,10,2,3.0161,0.1532,0.4689
126,1,3,3.5651,0.1022,0.5874
126,2,64,3.5542,0.0729,0.582
126,3,23,3.4786,0.1217,0.5699
126,4,43,3.4389,0.1016,0.5589
126,5,47,3.4276,0.1108,0.5573
126,6,14,3.4104,0.1135,0.5537
126,7,21,3.4062,0.0972,0.5511
126,8,49,3.4101,0.0826,0.5505
126,9,60,3.3807,0.0915,0.5448
126,10,39,3.3609,0.1334,0.5446
54,1,3,3.2044,0.1019,0.5062
54,2,64,3.211,0.0623,0.5037
54,3,49,3.175,0.0783,0.4972
54,4,1,3.1494,0.1059,0.4942
54,5,80,3.1304,0.0625,0.4856
54,6,21,3.1056,0.0976,0.4835
54,7,6,3.1067,0.0845,0.4825
54,8,13,3.0598,0.1396,0.4774
54,9,16,3.022,0.1593,0.4709
54,10,28,3.0661,0.0525,0.4701
137,1,3,3.5768,0.0925,0.589
137,2,64,3.5307,0.0648,0.5759
137,3,43,3.47,0.1283,0.5686
137,4,78,3.4598,0.1054,0.564
137,5,44,3.4469,0.0809,0.5586
137,6,94,3.4071,0.0618,0.5478
137,7,56,3.3674,0.0809,0.5407
137,8,85,3.3535,0.0973,0.5393
137,9,23,3.3654,0.0601,0.5382
137,10,76,3.3396,0.1106,0.5375
10,1,64,3.3218,0.0695,0.5294
10,2,3,3.2356,0.1294,0.516
10,3,28,3.1814,0.1108,0.5019
10,4,56,3.141,0.131,0.4948
10,5,76,3.1563,0.0947,0.4946
10,6,43,3.1236,0.0941,0.4872
10,7,49,3.1152,0.112,0.4871
10,8,78,3.1063,0.1102,0.4849
10,9,80,3.1015,0.1078,0.4836
10,10,68,3.0809,0.1045,0.4786
135,1,3,3.538,0.1013,0.5812
135,2,64,3.4192,0.0782,0.5521
135,3,76,3.3268,0.0747,0.531
135,4,47,3.2862,0.0953,0.5239
135,5,23,3.2876,0.088,0.5235
135,6,24,3.2648,0.0794,0.5175
135,7,39,3.2511,0.0995,0.5164
135,8,6,3.2507,0.0988,0.5163
135,9,91,3.2435,0.0926,0.5141
135,10,58,3.2325,0.1086,0.5132
125,1,3,3.3015,0.0984,0.5277
125,2,64,3.2709,0.0731,0.5182
125,3,56,3.218,0.1005,0.5091
125,4,80,3.2112,0.0524,0.5028
125,5,23,3.2075,0.0377,0.5005
125,6,43,3.1705,0.104,0.4988
125,7,44,3.1519,0.1312,0.4973
125,8,39,3.1535,0.0887,0.4934
125,9,78,3.1593,0.0456,0.4904
125,10,28,3.1558,0.0496,0.49
145,1,3,3.631,0.0922,0.6012
145,2,23,3.4209,0.0699,0.5517
145,3,64,3.414,0.0825,0.5514
145,4,78,3.4164,0.075,0.5512
145,5,60,3.4077,0.0928,0.551
145,6,21,3.3896,0.0784,0.5455
145,7,47,3.38,0.0778,0.5433
145,8,28,3.3636,0.0661,0.5384
145,9,39,3.3468,0.0849,0.5365
145,10,80,3.3491,0.0647,0.535
12,1,3,3.6637,0.0994,0.6093
12,2,64,3.6225,0.0786,0.5979
12,3,80,3.6111,0.0727,0.5948
12,4,56,3.5593,0.1172,0.5876
12,5,47,3.5483,0.0893,0.5823
12,6,60,3.5424,0.1024,0.5823
12,7,28,3.5479,0.0816,0.5815
12,8,43,3.5251,0.105,0.5787
12,9,23,3.4998,0.064,0.5689
12,10,6,3.4669,0.1128,0.5663
18,1,64,3.5965,0.0652,0.5907
18,2,80,3.5548,0.1015,0.585
18,3,21,3.4974,0.0719,0.5691
18,4,85,3.466,0.1074,0.5656
18,5,58,3.4492,0.1168,0.5628
18,6,23,3.4655,0.0778,0.5625
18,7,76,3.4625,0.0767,0.5617
18,8,1,3.4488,0.0981,0.5608
18,9,56,3.4507,0.0928,0.5607
18,10,94,3.447,0.0754,0.5581
63,1,64,3.5765,0.041,0.5838
63,2,3,3.5372,0.098,0.5807
63,3,60,3.4734,0.1361,0.5701
63,4,39,3.4604,0.0847,0.5621
63,5,80,3.4631,0.0773,0.5619
63,6,78,3.4078,0.0957,0.5513
63,7,28,3.4145,0.0737,0.5506
63,8,13,3.4041,0.0931,0.5502
63,9,46,3.4034,0.0773,0.5485
63,10,49,3.3931,0.0888,0.5473
146,1,3,3.2524,0.1146,0.5182
146,2,64,3.2652,0.0608,0.5157
146,3,23,3.2003,0.0832,0.5034
146,4,43,3.1894,0.0968,0.5023
146,5,80,3.1883,0.0946,0.5018
146,6,44,3.1884,0.0769,0.5001
146,7,60,3.1598,0.1218,0.4981
146,8,49,3.1457,0.109,0.4937
146,9,85,3.1177,0.0933,0.4858
146,10,39,3.1054,0.0941,0.4831
124,1,3,3.2061,0.1084,0.5072
124,2,43,3.1828,0.0896,0.5001
124,3,47,3.1461,0.1318,0.4961
124,4,13,3.1602,0.0675,0.4928
124,5,21,3.099,0.1365,0.4859
124,6,64,3.1183,0.0916,0.4858
124,7,11,3.0853,0.149,0.4841
124,8,89,3.0919,0.1048,0.4812
124,9,23,3.0909,0.1003,0.4805
124,10,80,3.0809,0.1003,0.4782
86,1,64,3.497,0.0623,0.568
86,2,76,3.4515,0.0831,0.5599
86,3,28,3.4307,0.1056,0.5575
86,4,56,3.405,0.1176,0.5529
86,5,13,3.4068,0.1116,0.5527
86,6,3,3.3973,0.1013,0.5495
86,7,80,3.3908,0.0928,0.5472
86,8,23,3.379,0.0904,0.5443
86,9,43,3.3489,0.1009,0.5386
86,10,44,3.3476,0.0904,0.5373
101,1,47,3.4519,0.1074,0.5624
101,2,21,3.4557,0.0883,0.5614
101,3,93,3.4328,0.0891,0.5563
101,4,28,3.4069,0.0967,0.5512
101,5,3,3.3977,0.1137,0.5509
101,6,56,3.4028,0.0816,0.5488
101,7,46,3.4001,0.0846,0.5485
101,8,43,3.3727,0.0959,0.5435
101,9,23,3.3805,0.0745,0.5431
101,10,76,3.3805,0.0633,0.542
72,1,64,3.2417,0.0602,0.5104
72,2,43,3.2179,0.076,0.5066
72,3,3,3.199,0.1106,0.5058
72,4,78,3.1409,0.0766,0.4894
72,5,60,3.0934,0.1171,0.4827
72,6,44,3.0607,0.1341,0.4771
72,7,39,3.0664,0.0879,0.4737
72,8,49,3.0734,0.0694,0.4735
72,9,56,3.0461,0.1073,0.4711
72,10,23,3.0521,0.0852,0.4702
70,1,3,3.4482,0.0852,0.5594
70,2,64,3.3619,0.0585,0.5373
70,3,56,3.3369,0.0929,0.5351
70,4,78,3.3087,0.0607,0.5255
70,5,60,3.2646,0.1006,0.5196
70,6,80,3.2602,0.0524,0.5138
70,7,23,3.2172,0.0787,0.5067
70,8,22,3.2102,0.0902,0.5063
70,9,39,3.2169,0.0567,0.5045
70,10,21,3.1875,0.0516,0.4973
38,1,3,3.6212,0.0978,0.5995
38,2,43,3.5561,0.1339,0.5885
38,3,47,3.5498,0.1195,0.5857
38,4,78,3.546,0.0628,0.5791
38,5,46,3.4824,0.0749,0.566
38,6,44,3.4679,0.1034,0.5656
38,7,21,3.4663,0.0581,0.5607
38,8,60,3.4417,0.1049,0.5599
38,9,76,3.417,0.1381,0.5576
38,10,23,3.4441,0.0627,0.5562
13,1,80,3.1615,0.075,0.4938
13,2,3,3.0926,0.1054,0.4814
13,3,64,3.0309,0.0751,0.4645
13,4,49,2.9875,0.0612,0.4533
13,5,78,2.9489,0.0476,0.4433
13,6,56,2.9394,0.0633,0.4427
13,7,39,2.9363,0.0602,0.4417
13,8,58,2.8988,0.1374,0.441
13,9,60,2.9125,0.0865,0.439
13,10,6,2.9048,0.0953,0.4381
9,1,3,3.6263,0.1108,0.602
9,2,64,3.579,0.1046,0.5907
9,3,60,3.5766,0.0986,0.5896
9,4,21,3.5591,0.0501,0.5808
9,5,47,3.5235,0.0779,0.5756
9,6,39,3.508,0.0782,0.5721
9,7,78,3.4896,0.0902,0.5692
9,8,23,3.4725,0.1168,0.568
9,9,46,3.4171,0.1843,0.5623
9,10,28,3.4669,0.0696,0.562
32,1,3,3.4055,0.1183,0.5531
32,2,64,3.3653,0.0742,0.5396
32,3,78,3.3251,0.1166,0.5348
32,4,43,3.2515,0.1083,0.5174
32,5,39,3.2228,0.0858,0.5087
32,6,33,3.2122,0.0973,0.5075
32,7,44,3.2153,0.0906,0.5075
32,8,28,3.2075,0.1013,0.5068
32,9,76,3.2036,0.1087,0.5067
32,10,1,3.1819,0.1189,0.5028
77,1,3,3.4879,0.1055,0.5703
77,2,49,3.4716,0.0853,0.5646
77,3,60,3.3943,0.1059,0.5493
77,4,78,3.3905,0.1067,0.5485
77,5,80,3.3706,0.0697,0.5404
77,6,21,3.3528,0.0787,0.5373
77,7,64,3.3458,0.087,0.5365
77,8,23,3.3402,0.0735,0.5339
77,9,56,3.3221,0.0944,0.5319
77,10,1,3.3029,0.1238,0.5305
88,1,80,3.6436,0.0728,0.6021
88,2,64,3.6401,0.0784,0.6019
88,3,56,3.6151,0.1304,0.6014
88,4,3,3.6289,0.0967,0.6012
88,5,28,3.617,0.0824,0.5971
88,6,21,3.5638,0.1361,0.5905
88,7,60,3.5259,0.1071,0.579
88,8,44,3.5081,0.1112,0.5754
88,9,76,3.51,0.0814,0.5729
88,10,78,3.5067,0.0881,0.5728
87,1,80,3.2617,0.0976,0.5186
87,2,64,3.2115,0.0837,0.506
87,3,3,3.1816,0.1106,0.5019
87,4,56,3.1369,0.0794,0.4887
87,5,43,3.1258,0.0958,0.4879
87,6,76,3.0892,0.1058,0.4807
87,7,78,3.0685,0.0829,0.4737
87,8,32,3.0278,0.1225,0.4685
87,9,28,3.0314,0.0789,0.465
87,10,60,3.0075,0.085,0.4602
30,1,3,3.0955,0.1042,0.4819
30,2,64,3.0839,0.1025,0.4791
30,3,47,3.0767,0.0738,0.4746
30,4,43,3.0538,0.1075,0.4729
30,5,60,3.0329,0.1213,0.4695
30,6,21,3.046,0.0889,0.4692
30,7,78,3.0385,0.0935,0.468
30,8,44,2.9885,0.127,0.4601
30,9,89,2.978,0.0804,0.4531
30,10,39,2.9586,0.1054,0.4512
136,1,3,3.6942,0.1436,0.6206
136,2,64,3.611,0.0692,0.5944
136,3,21,3.5513,0.0646,0.5805
136,4,78,3.5371,0.0891,0.5797
136,5,80,3.5181,0.1075,0.5773
136,6,47,3.5129,0.1048,0.5759
136,7,1,3.4998,0.1178,0.5742
136,8,56,3.505,0.087,0.5723
136,9,22,3.4594,0.1107,0.5644
136,10,60,3.4468,0.1148,0.562
44,1,3,2.8671,0.1175,0.4319
44,2,76,2.8751,0.0925,0.4311
44,3,64,2.8376,0.1037,0.4238
44,4,78,2.7716,0.139,0.4125
44,5,49,2.7713,0.1234,0.4109
44,6,21,2.7713,0.0724,0.4058
44,7,93,2.7411,0.1026,0.402
44,8,23,2.7556,0.0595,0.401
44,9,60,2.7118,0.1586,0.401
44,10,56,2.7236,0.11,0.3988
148,1,3,3.4947,0.1127,0.5726
148,2,64,3.4665,0.0471,0.5597
148,3,78,3.3767,0.1038,0.5451
148,4,47,3.3183,0.1064,0.5323
148,5,28,3.331,0.0712,0.5316
148,6,80,3.2966,0.083,0.525
148,7,23,3.2976,0.0576,0.5227
148,8,21,3.3022,0.04,0.522
148,9,43,3.235,0.1652,0.5194
148,10,60,3.2505,0.1182,0.5182
90,1,64,3.1901,0.0906,0.5018
90,2,47,3.1257,0.1108,0.4894
90,3,1,3.1095,0.0814,0.4828
90,4,49,3.0859,0.0817,0.4775
90,5,39,3.0685,0.0784,0.4733
90,6,23,3.0521,0.1071,0.4724
90,7,60,3.06,0.0889,0.4724
90,8,94,3.0446,0.093,0.4693
90,9,78,3.0075,0.1117,0.4629
90,10,91,2.9964,0.1258,0.4618
117,1,43,3.4016,0.0727,0.5476
117,2,3,3.379,0.0994,0.5452
117,3,78,3.3352,0.1277,0.5382
117,4,47,3.3428,0.0578,0.5329
117,5,28,3.2945,0.0965,0.5259
117,6,80,3.2929,0.0802,0.5239
117,7,21,3.2816,0.0934,0.5227
117,8,46,3.2752,0.0758,0.5195
117,9,23,3.2605,0.0676,0.5154
117,10,69,3.2557,0.0779,0.5153
68,1,64,3.3549,0.0684,0.5367
68,2,80,3.3455,0.0812,0.5359
68,3,76,3.2772,0.1066,0.523
68,4,60,3.258,0.1426,0.5223
68,5,43,3.2816,0.0841,0.5218
68,6,28,3.2711,0.0733,0.5183
68,7,47,3.2651,0.0736,0.517
68,8,16,3.2485,0.0854,0.5145
68,9,46,3.2325,0.1085,0.5132
68,10,6,3.2344,0.0933,0.5121
139,1,3,3.5044,0.098,0.5733
139,2,64,3.494,0.101,0.5712
139,3,80,3.3981,0.0816,0.5477
139,4,46,3.3063,0.1511,0.534
139,5,43,3.3264,0.1033,0.5338
139,6,60,3.3245,0.0973,0.5327
139,7,78,3.335,0.0672,0.5321
139,8,23,3.3129,0.0863,0.529
139,9,1,3.3043,0.0726,0.5257
139,10,56,3.2642,0.111,0.5205
17,1,3,3.1832,0.1282,0.504
17,2,56,3.0291,0.0985,0.4664
17,3,21,3.0075,0.0705,0.4587
17,4,28,2.9862,0.094,0.4563
17,5,47,2.9941,0.0717,0.4558
17,6,23,2.9684,0.1194,0.4548
17,7,39,2.9384,0.0771,0.4439
17,8,1,2.9261,0.0889,0.4423
17,9,78,2.9288,0.0827,0.4422
17,10,60,2.91,0.1115,0.4409
24,1,64,3.5394,0.106,0.582
24,2,3,3.5512,0.0769,0.5817
24,3,43,3.5151,0.0984,0.5757
24,4,78,3.4776,0.0935,0.5668
24,5,23,3.467,0.081,0.5632
24,6,80,3.4459,0.0885,0.5592
24,7,28,3.4417,0.0881,0.5582
24,8,47,3.4252,0.089,0.5546
24,9,76,3.4011,0.0625,0.5465
24,10,39,3.3853,0.0884,0.5455
52,1,78,2.9408,0.1293,0.4496
52,2,43,2.9013,0.1053,0.4383
52,3,21,2.8871,0.114,0.436
52,4,23,2.8692,0.1249,0.4331
52,5,76,2.8778,0.0852,0.431
52,6,56,2.8706,0.0788,0.4288
52,7,28,2.8548,0.1078,0.4281
52,8,47,2.8633,0.089,0.4281
52,9,93,2.8374,0.1162,0.425
52,10,89,2.851,0.0681,0.4233
110,1,3,3.4361,0.0991,0.558
110,2,64,3.3581,0.0868,0.5393
110,3,47,3.3465,0.0928,0.5373
110,4,56,3.2573,0.1394,0.5218
110,5,23,3.2776,0.091,0.5216
110,6,78,3.275,0.0527,0.5171
110,7,43,3.2572,0.0882,0.5167
110,8,28,3.1927,0.1054,0.5039
110,9,39,3.2037,0.0794,0.5038
110,10,44,3.2006,0.0707,0.5022
40,1,78,3.6019,0.1054,0.596
40,2,3,3.5703,0.1223,0.5905
40,3,21,3.576,0.0826,0.5879
40,4,44,3.554,0.0952,0.5842
40,5,47,3.5304,0.0889,0.5782
40,6,64,3.5336,0.0751,0.5776
40,7,23,3.5252,0.0892,0.5771
40,8,39,3.5117,0.1039,0.5755
40,9,56,3.5071,0.0987,0.574
40,10,49,3.4782,0.123,0.5699
141,1,43,3.3609,0.1077,0.542
141,2,3,3.3421,0.1351,0.5405
141,3,64,3.3535,0.0754,0.5371
141,4,80,3.3237,0.1109,0.5339
141,5,76,3.324,0.0775,0.5307
141,6,28,3.2397,0.1028,0.5142
141,7,13,3.2028,0.0926,0.5049
141,8,39,3.1785,0.1212,0.5023
141,9,23,3.1752,0.1069,0.5001
141,10,69,3.1512,0.1021,0.4942
20,1,28,3.3137,0.0753,0.5281
20,2,47,3.2563,0.1015,0.5178
20,3,43,3.2583,0.0782,0.5159
20,4,76,3.2434,0.069,0.5117
20,5,64,3.2322,0.0557,0.5078
20,6,56,3.2123,0.08,0.5058
20,7,44,3.2087,0.0834,0.5053
20,8,78,3.1876,0.1245,0.5047
20,9,21,3.2038,0.0827,0.5041
20,10,85,3.145,0.1236,0.495
11,1,64,3.5021,0.0777,0.5707
11,2,3,3.4613,0.11,0.5648
11,3,80,3.4076,0.0963,0.5513
11,4,78,3.3787,0.1064,0.5459
11,5,43,3.3761,0.0933,0.544
11,6,46,3.3467,0.096,0.5376
11,7,23,3.3487,0.0644,0.5349
11,8,69,3.3021,0.0875,0.5267
11,9,28,3.3084,0.0691,0.5263
11,10,14,3.2876,0.0963,0.5244
73,1,78,3.2741,0.1078,0.5225
73,2,64,3.2621,0.068,0.5158
73,3,46,3.2086,0.0933,0.5063
73,4,47,3.1851,0.0781,0.4995
73,5,60,3.1448,0.1205,0.4946
73,6,21,3.1515,0.1039,0.4945
73,7,49,3.1285,0.1344,0.4923
73,8,44,3.1444,0.0758,0.4901
73,9,1,3.1242,0.0955,0.4875
73,10,80,3.1061,0.1184,0.4857
83,1,3,3.4765,0.0911,0.5663
83,2,80,3.4446,0.059,0.5559
83,3,64,3.4291,0.0406,0.5506
83,4,23,3.3689,0.0624,0.5392
83,5,56,3.3333,0.0852,0.5335
83,6,39,3.3264,0.0786,0.5313
83,7,78,3.301,0.0639,0.5241
83,8,49,3.3017,0.061,0.524
83,9,94,3.2883,0.0669,0.5216
83,10,14,3.278,0.0803,0.5206
82,1,3,3.6688,0.1015,0.6106
82,2,23,3.5741,0.0777,0.5869
82,3,47,3.5607,0.0896,0.5851
82,4,39,3.5686,0.0696,0.5849
82,5,56,3.5499,0.0838,0.5821
82,6,21,3.5412,0.0903,0.5808
82,7,44,3.5433,0.0843,0.5807
82,8,60,3.5022,0.1085,0.5738
82,9,43,3.4878,0.1026,0.57
82,10,94,3.4988,0.0756,0.5698
3,1,78,3.6377,0.079,0.6014
3,2,3,3.6159,0.094,0.598
3,3,64,3.5809,0.0768,0.5884
3,4,76,3.5568,0.0723,0.5825
3,5,80,3.5409,0.0855,0.5802
3,6,14,3.5227,0.1036,0.578
3,7,2,3.508,0.0851,0.5728
3,8,23,3.4921,0.1065,0.5714
3,9,86,3.4778,0.1276,0.5703
3,10,49,3.4979,0.0789,0.5699
39,1,21,3.1085,0.07,0.4814
39,2,64,3.0974,0.0639,0.4783
39,3,78,3.0195,0.0862,0.463
39,4,91,2.9945,0.1051,0.4593
39,5,23,2.9957,0.0991,0.4589
39,6,1,2.9567,0.1166,0.4519
39,7,93,2.9623,0.0787,0.4494
39,8,80,2.8925,0.1407,0.4399
39,9,44,2.9111,0.091,0.4391
39,10,89,2.8757,0.1109,0.4331
105,1,78,3.2479,0.1813,0.5239
105,2,43,3.2343,0.1395,0.5167
105,3,64,3.2234,0.0884,0.5091
105,4,76,3.2163,0.1021,0.5089
105,5,6,3.2143,0.0772,0.5059
105,6,23,3.2114,0.0707,0.5046
105,7,39,3.2041,0.084,0.5043
105,8,21,3.2118,0.0591,0.5036
105,9,49,3.1313,0.1275,0.4923
105,10,60,3.1234,0.1347,0.4912
58,1,3,3.5134,0.1177,0.5773
58,2,80,3.4104,0.0931,0.5517
58,3,64,3.4143,0.0559,0.5488
58,4,28,3.3908,0.063,0.5442
58,5,47,3.346,0.0951,0.5374
58,6,56,3.3378,0.0899,0.535
58,7,23,3.3443,0.0532,0.5328
58,8,1,3.306,0.1154,0.5304
58,9,49,3.3122,0.0922,0.5295
58,10,21,3.2991,0.0878,0.5261
122,1,3,3.6336,0.0773,0.6003
122,2,80,3.4596,0.087,0.5621
122,3,23,3.4336,0.0647,0.554
122,4,28,3.4297,0.0649,0.5532
122,5,60,3.406,0.0962,0.551
122,6,56,3.4002,0.1019,0.5502
122,7,44,3.4032,0.0899,0.5497
122,8,43,3.351,0.1296,0.5419
122,9,22,3.3272,0.1274,0.5364
122,10,69,3.3539,0.0626,0.5359
134,1,43,3.2484,0.1087,0.5168
134,2,3,3.177,0.088,0.4986
134,3,76,3.1236,0.1102,0.4888
134,4,80,3.1354,0.056,0.4861
134,5,44,3.0903,0.1566,0.486
134,6,28,3.1199,0.0676,0.4837
134,7,47,3.105,0.0794,0.4816
134,8,23,3.0917,0.0754,0.4782
134,9,13,3.0768,0.1059,0.4779
134,10,46,3.0295,0.2007,0.4767
94,1,3,3.2364,0.12,0.5152
94,2,43,3.1697,0.0731,0.4955
94,3,76,3.1312,0.0931,0.4888
94,4,78,3.1244,0.0577,0.4838
94,5,64,3.1033,0.0684,0.4801
94,6,23,3.0755,0.0772,0.4747
94,7,28,3.0785,0.0524,0.4729
94,8,1,3.0442,0.1116,0.4711
94,9,89,3.0378,0.1074,0.4693
94,10,22,3.0234,0.103,0.4656
34,1,76,3.2764,0.0949,0.5217
34,2,21,3.276,0.082,0.5203
34,3,3,3.2614,0.0948,0.5183
34,4,49,3.2152,0.1065,0.5091
34,5,47,3.2234,0.0872,0.509
34,6,60,3.2001,0.1375,0.5088
34,7,78,3.2205,0.0603,0.5056
34,8,64,3.208,0.082,0.505
34,9,80,3.1876,0.0765,0.4999
34,10,39,3.1799,0.0892,0.4994
144,1,3,3.2093,0.0907,0.5062
144,2,43,3.1784,0.0744,0.4976
144,3,23,3.1691,0.0936,0.4974
144,4,78,3.1254,0.0716,0.4854
144,5,64,3.1373,0.0408,0.485
144,6,44,3.1135,0.0856,0.4841
144,7,47,3.0585,0.1891,0.4821
144,8,13,3.1063,0.0745,0.4814
144,9,76,3.0804,0.0799,0.4761
144,10,60,3.0478,0.107,0.4715
79,1,28,3.3864,0.1036,0.5473
79,2,80,3.3767,0.0661,0.5414
79,3,3,3.3319,0.0869,0.5334
79,4,76,3.2985,0.1052,0.5277
79,5,64,3.2929,0.067,0.5226
79,6,49,3.2679,0.0953,0.5198
79,7,21,3.2549,0.0693,0.5143
79,8,44,3.245,0.0892,0.514
79,9,43,3.2069,0.1054,0.5071
79,10,47,3.1979,0.1044,0.505
7,1,64,3.9559,0.0717,0.6723
7,2,3,3.9469,0.0913,0.6722
7,3,78,3.9395,0.0671,0.6681
7,4,80,3.897,0.0809,0.6599
7,5,43,3.8627,0.121,0.6562
7,6,56,3.8457,0.088,0.6491
7,7,28,3.8465,0.0649,0.647
7,8,23,3.8456,0.0657,0.6468
7,9,39,3.8232,0.0767,0.6429
7,10,85,3.8163,0.0786,0.6415
75,1,80,3.7412,0.0973,0.6265
75,2,47,3.45,0.1087,0.5621
75,3,64,3.4687,0.0647,0.5619
75,4,60,3.4488,0.1043,0.5614
75,5,56,3.4364,0.0852,0.5567
75,6,94,3.4318,0.0846,0.5556
75,7,23,3.4217,0.065,0.5514
75,8,21,3.3897,0.0791,0.5456
75,9,46,3.3785,0.0989,0.5451
75,10,85,3.3719,0.1001,0.5437
91,1,3,3.9107,0.0943,0.6643
91,2,23,3.8136,0.0903,0.6421
91,3,60,3.7835,0.1057,0.6369
91,4,78,3.7401,0.1004,0.6266
91,5,28,3.7385,0.0766,0.6238
91,6,80,3.7049,0.0907,0.6177
91,7,49,3.709,0.0769,0.6172
91,8,21,3.6944,0.1015,0.6164
91,9,43,3.6859,0.0902,0.6134
91,10,44,3.6905,0.0777,0.6131
123,1,28,3.3761,0.0823,0.5428
123,2,80,3.3102,0.0814,0.5279
123,3,3,3.279,0.0986,0.5226
123,4,47,3.2416,0.126,0.517
123,5,94,3.2351,0.1007,0.513
123,6,6,3.2288,0.1083,0.5123
123,7,76,3.2167,0.1072,0.5095
123,8,64,3.2069,0.0705,0.5036
123,9,69,3.1905,0.1046,0.5033
123,10,44,3.1657,0.104,0.4977
128,1,64,3.2606,0.0933,0.518
128,2,3,3.2139,0.1055,0.5087
128,3,28,3.2055,0.1014,0.5064
128,4,43,3.1929,0.1051,0.5039
128,5,78,3.1238,0.195,0.4974
128,6,1,3.1564,0.1132,0.4965
128,7,76,3.1513,0.0594,0.49
128,8,46,3.1417,0.0639,0.4883
128,9,21,3.1206,0.0937,0.4865
128,10,23,3.0634,0.0888,0.4731
133,1,3,3.3928,0.12,0.5504
133,2,44,3.3356,0.1054,0.536
133,3,78,3.3145,0.0773,0.5285
133,4,23,3.315,0.0659,0.5275
133,5,80,3.2938,0.0973,0.5258
133,6,64,3.3006,0.0688,0.5245
133,7,89,3.2793,0.0997,0.5228
133,8,43,3.2596,0.1039,0.5188
133,9,47,3.2543,0.0901,0.5162
133,10,13,3.2383,0.0785,0.5115
74,1,64,3.464,0.0944,0.5638
74,2,3,3.3428,0.0921,0.5364
74,3,47,3.3012,0.1104,0.5288
74,4,78,3.3105,0.0865,0.5285
74,5,14,3.2801,0.0708,0.5201
74,6,60,3.2645,0.0743,0.517
74,7,21,3.2033,0.1401,0.5098
74,8,28,3.2344,0.0637,0.5091
74,9,44,3.2091,0.0793,0.505
74,10,39,3.2072,0.06,0.5026
25,1,3,3.4114,0.1295,0.5555
25,2,21,3.3103,0.12,0.5318
25,3,23,3.3077,0.0959,0.5288
25,4,78,3.2698,0.1042,0.5211
25,5,47,3.2252,0.1059,0.5113
25,6,13,3.2351,0.0834,0.5112
25,7,85,3.1885,0.1333,0.5057
25,8,43,3.2051,0.0906,0.5052
25,9,80,3.188,0.1087,0.5032
25,10,28,3.2012,0.0777,0.503
84,1,3,3.5177,0.1104,0.5775
84,2,28,3.5284,0.0689,0.5758
84,3,64,3.4832,0.0757,0.5663
84,4,80,3.4291,0.0826,0.5548
84,5,47,3.4021,0.0805,0.5485
84,6,78,3.3997,0.0792,0.5479
84,7,46,3.3342,0.1442,0.5396
84,8,60,3.3363,0.087,0.5344
84,9,39,3.338,0.0742,0.5335
84,10,56,3.29,0.1212,0.5274
127,1,80,3.5363,0.094,0.5801
127,2,3,3.4823,0.0979,0.5683
127,3,56,3.4664,0.1026,0.5652
127,4,64,3.4575,0.0874,0.5617
127,5,76,3.43,0.1058,0.5573
127,6,13,3.4268,0.1038,0.5564
127,7,23,3.4296,0.0745,0.5541
127,8,78,3.4252,0.0772,0.5534
127,9,68,3.3988,0.1124,0.551
127,10,43,3.3959,0.1154,0.5506
76,1,64,3.5879,0.0807,0.5903
76,2,28,3.5489,0.0834,0.5818
76,3,43,3.5151,0.0985,0.5757
76,4,3,3.5004,0.094,0.572
76,5,80,3.4242,0.1312,0.5586
76,6,13,3.3889,0.105,0.548
76,7,39,3.3742,0.0938,0.5436
76,8,76,3.3513,0.0844,0.5375
76,9,14,3.3435,0.0911,0.5364
76,10,23,3.3363,0.0964,0.5353
5,1,64,3.4909,0.081,0.5685
5,2,3,3.3766,0.1091,0.5457
5,3,80,3.3726,0.0955,0.5434
5,4,23,3.3677,0.0793,0.5407
5,5,37,3.3528,0.0826,0.5376
5,6,28,3.3388,0.0781,0.534
5,7,47,3.3177,0.0978,0.5313
5,8,21,3.2871,0.1068,0.5253
5,9,68,3.2723,0.0932,0.5206
5,10,49,3.261,0.094,0.5181
42,1,3,3.4748,0.1238,0.5692
42,2,64,3.4179,0.0672,0.5507
42,3,78,3.3506,0.1,0.5389
42,4,39,3.2887,0.1258,0.5275
42,5,46,3.272,0.1384,0.525
42,6,1,3.2736,0.1057,0.5221
42,7,21,3.2879,0.0684,0.5216
42,8,47,3.2755,0.0932,0.5213
42,9,80,3.246,0.0903,0.5144
42,10,23,3.2237,0.1096,0.5113
140,1,78,3.3995,0.0988,0.5498
140,2,80,3.381,0.1119,0.5469
140,3,39,3.3863,0.0942,0.5463
140,4,23,3.3697,0.0921,0.5424
140,5,46,3.3657,0.0763,0.5399
140,6,43,3.3583,0.0917,0.5398
140,7,28,3.3535,0.0935,0.5389
140,8,21,3.3602,0.0763,0.5387
140,9,56,3.3496,0.0951,0.5382
140,10,76,3.333,0.0953,0.5345
95,1,3,3.1513,0.1455,0.4986
95,2,64,3.1636,0.0565,0.4925
95,3,43,3.1299,0.0999,0.4892
95,4,47,3.1126,0.0865,0.484
95,5,28,3.0799,0.0815,0.4761
95,6,44,3.0711,0.0814,0.4741
95,7,76,3.0396,0.1132,0.4702
95,8,39,3.0428,0.1003,0.4696
95,9,56,3.0437,0.0819,0.468
95,10,80,3.0324,0.0986,0.4672
21,1,78,3.0081,0.0939,0.4612
21,2,64,3.0113,0.0683,0.4594
21,3,3,2.9697,0.1368,0.4569
21,4,28,2.9982,0.0469,0.4543
21,5,39,2.9838,0.0721,0.4536
21,6,56,2.9575,0.1243,0.4529
21,7,23,2.9553,0.1097,0.4509
21,8,43,2.915,0.0728,0.4382
21,9,60,2.8982,0.1103,0.4381
21,10,49,2.8937,0.0707,0.4332
64,1,80,2.8984,0.1527,0.4424
64,2,64,2.8934,0.0712,0.4331
64,3,21,2.8447,0.1181,0.4269
64,4,43,2.8158,0.0824,0.4168
64,5,23,2.776,0.1338,0.413
64,6,78,2.7628,0.0977,0.4064
64,7,28,2.7346,0.1268,0.403
64,8,47,2.7467,0.0584,0.3988
64,9,76,2.721,0.0829,0.3955
64,10,13,2.6939,0.118,0.3929
143,1,3,3.79,0.1076,0.6385
143,2,64,3.7024,0.079,0.6159
143,3,47,3.656,0.149,0.6125
143,4,56,3.6249,0.1004,0.6006
143,5,39,3.6089,0.0762,0.5946
143,6,16,3.5905,0.1113,0.594
143,7,23,3.5968,0.0806,0.5923
143,8,6,3.5944,0.0646,0.5902
143,9,43,3.5734,0.1007,0.5891
143,10,21,3.5833,0.0639,0.5876
59,1,3,3.4706,0.1179,0.5677
59,2,80,3.4511,0.1168,0.5632
59,3,43,3.4185,0.1043,0.5546
59,4,39,3.3944,0.0693,0.5457
59,5,60,3.3609,0.1102,0.5422
59,6,58,3.3685,0.0867,0.5416
59,7,56,3.3652,0.0856,0.5407
59,8,23,3.3251,0.085,0.5316
59,9,78,3.2881,0.0928,0.5241
59,10,6,3.2794,0.1028,0.5232
31,1,78,3.629,0.0895,0.6005
31,2,23,3.591,0.104,0.5934
31,3,80,3.569,0.1112,0.5892
31,4,56,3.5614,0.1093,0.5873
31,5,28,3.5676,0.0716,0.5849
31,6,49,3.5344,0.0946,0.5797
31,7,43,3.4711,0.1011,0.5661
31,8,22,3.4732,0.0887,0.5653
31,9,44,3.4704,0.0851,0.5643
31,10,47,3.4596,0.0844,0.5618
131,1,39,3.1009,0.0857,0.4813
131,2,78,3.0861,0.1165,0.481
131,3,64,3.102,0.0722,0.4802
131,4,21,3.0995,0.0732,0.4797
131,5,93,3.0921,0.0556,0.4763
131,6,86,3.0344,0.1114,0.4689
131,7,44,3.0458,0.0851,0.4688
131,8,85,3.0441,0.0854,0.4685
131,9,60,3.0402,0.094,0.4684
131,10,32,3.0421,0.0812,0.4676
57,1,64,3.671,0.0708,0.608
57,2,80,3.6465,0.1074,0.6062
57,3,3,3.6401,0.1129,0.6053
57,4,28,3.6499,0.0769,0.6039
57,5,23,3.6384,0.0775,0.6014
57,6,39,3.6197,0.0987,0.5993
57,7,21,3.5935,0.0929,0.5928
57,8,47,3.5783,0.1106,0.5912
57,9,56,3.5787,0.0861,0.5888
57,10,60,3.5664,0.0956,0.587
99,1,3,3.8409,0.1171,0.6509
99,2,28,3.7285,0.0708,0.621
99,3,47,3.6274,0.114,0.6026
99,4,78,3.5772,0.1033,0.5902
99,5,94,3.5669,0.0912,0.5867
99,6,60,3.5598,0.1048,0.5864
99,7,21,3.5612,0.0921,0.5855
99,8,69,3.5718,0.0672,0.5854
99,9,23,3.5463,0.0824,0.5812
99,10,56,3.5397,0.095,0.5809
16,1,3,3.7886,0.1141,0.6388
16,2,43,3.6092,0.108,0.5979
16,3,64,3.6077,0.0866,0.5954
16,4,78,3.5585,0.1181,0.5875
16,5,76,3.5584,0.0662,0.5823
16,6,14,3.5453,0.0777,0.5805
16,7,46,3.545,0.0739,0.58
16,8,44,3.5304,0.1053,0.5799
16,9,6,3.5354,0.0581,0.5763
16,10,1,3.5219,0.0877,0.5762
65,1,3,3.3219,0.1424,0.5367
65,2,80,3.2349,0.1183,0.5147
65,3,1,3.197,0.1009,0.5044
65,4,64,3.1887,0.0636,0.4988
65,5,28,3.144,0.0788,0.4903
65,6,94,3.1218,0.0848,0.4859
65,7,43,3.127,0.0577,0.4843
65,8,16,3.1109,0.0642,0.4814
65,9,22,3.0959,0.0958,0.4812
65,10,78,3.0861,0.0903,0.4784
109,1,47,3.3807,0.0897,0.5446
109,2,64,3.3675,0.0443,0.5371
109,3,78,3.3546,0.0618,0.536
109,4,28,3.3241,0.0702,0.5299
109,5,23,3.3271,0.0523,0.5288
109,6,60,3.2797,0.1085,0.5238
109,7,39,3.2922,0.067,0.5224
109,8,43,3.2567,0.0812,0.5159
109,9,44,3.2519,0.0862,0.5153
109,10,56,3.2592,0.0521,0.5135
100,1,3,3.5942,0.1164,0.5953
100,2,78,3.5897,0.1184,0.5945
100,3,28,3.5434,0.0833,0.5806
100,4,64,3.547,0.0755,0.5806
100,5,47,3.5289,0.1082,0.5798
100,6,43,3.5292,0.1043,0.5795
100,7,56,3.4865,0.1049,0.57
100,8,21,3.4794,0.0728,0.5651
100,9,76,3.4484,0.0809,0.559
100,10,69,3.4255,0.0823,0.554
138,1,3,3.4172,0.1091,0.5548
138,2,64,3.3975,0.0717,0.5466
138,3,1,3.3488,0.1272,0.5412
138,4,23,3.2995,0.0851,0.5259
138,5,43,3.2836,0.1022,0.524
138,6,47,3.2724,0.1103,0.5223
138,7,60,3.2557,0.1471,0.5222
138,8,80,3.2808,0.087,0.5219
138,9,76,3.2587,0.1296,0.5212
138,10,56,3.2641,0.1137,0.5208
116,1,3,3.6961,0.0893,0.6156
116,2,28,3.6106,0.0852,0.5959
116,3,78,3.5689,0.0806,0.5861
116,4,76,3.5064,0.0793,0.5719
116,5,44,3.4844,0.0893,0.5679
116,6,21,3.4851,0.072,0.5664
116,7,80,3.4681,0.0894,0.5643
116,8,14,3.4687,0.0841,0.5639
116,9,39,3.4603,0.0739,0.561
116,10,23,3.457,0.0799,0.5608
41,1,3,3.3841,0.099,0.5463
41,2,64,3.3972,0.0674,0.5461
41,3,80,3.1966,0.0975,0.504
41,4,49,3.2028,0.0749,0.5031
41,5,23,3.1934,0.0774,0.5012
41,6,56,3.1879,0.0673,0.499
41,7,39,3.1767,0.0905,0.4988
41,8,78,3.1662,0.0869,0.4961
41,9,43,3.1129,0.1283,0.4882
41,10,47,3.1162,0.0843,0.4846
102,1,3,3.6809,0.1391,0.6171
102,2,64,3.6698,0.0883,0.6095
102,3,56,3.5123,0.1547,0.5807
102,4,28,3.5297,0.0823,0.5774
102,5,47,3.4733,0.0978,0.5663
102,6,23,3.4686,0.0963,0.5651
102,7,16,3.4377,0.097,0.5582
102,8,76,3.4353,0.0979,0.5577
102,9,43,3.4348,0.0884,0.5567
102,10,1,3.4388,0.07,0.5557
149,1,3,3.743,0.1522,0.6324
149,2,64,3.6394,0.0656,0.6004
149,3,78,3.539,0.1235,0.5836
149,4,56,3.4817,0.0859,0.567
149,5,60,3.4559,0.1288,0.5655
149,6,69,3.4455,0.0554,0.5558
149,7,47,3.4235,0.1035,0.5556
149,8,21,3.417,0.0856,0.5524
149,9,39,3.4222,0.0718,0.5522
149,10,46,3.4209,0.0722,0.5519
81,1,3,3.4613,0.1102,0.5648
81,2,64,3.4667,0.0539,0.5604
81,3,23,3.4023,0.0858,0.5491
81,4,56,3.3858,0.079,0.5447
81,5,49,3.3729,0.0904,0.5429
81,6,76,3.3693,0.0942,0.5425
81,7,80,3.3529,0.1123,0.5406
81,8,28,3.3618,0.0793,0.5393
81,9,46,3.3453,0.0828,0.536
81,10,43,3.3132,0.0882,0.5293
130,1,3,3.1235,0.1109,0.4889
130,2,80,3.0995,0.0939,0.4818
130,3,64,3.0655,0.0538,0.4701
130,4,33,3.0119,0.0958,0.4623
130,5,76,3.0095,0.0613,0.4583
130,6,23,2.9949,0.0921,0.458
130,7,60,2.986,0.0968,0.4565
130,8,44,2.9861,0.0754,0.4544
130,9,56,2.9666,0.0627,0.4487
130,10,49,2.938,0.1129,0.4473
23,1,64,3.3482,0.0858,0.5369
23,2,56,3.2727,0.0826,0.5196
23,3,23,3.2552,0.0827,0.5157
23,4,78,3.2306,0.1303,0.5149
23,5,39,3.2369,0.0925,0.5126
23,6,60,3.2086,0.1293,0.5099
23,7,28,3.1982,0.0795,0.5025
23,8,76,3.1721,0.1075,0.4995
23,9,58,3.137,0.1193,0.4927
23,10,68,3.1482,0.0889,0.4922
2,1,3,3.2583,0.1045,0.5186
2,2,43,3.2236,0.094,0.5097
2,3,64,3.2204,0.0502,0.5046
2,4,28,3.2064,0.0589,0.5023
2,5,80,3.1622,0.0935,0.4958
2,6,78,3.1261,0.1314,0.4915
2,7,46,3.1368,0.0823,0.489
2,8,69,3.1371,0.0682,0.4877
2,9,23,3.123,0.0509,0.4828
2,10,56,3.0771,0.1053,0.4779
43,1,3,3.3393,0.1332,0.5397
43,2,64,3.3019,0.0607,0.524
43,3,76,3.2729,0.0828,0.5197
43,4,21,3.2605,0.0905,0.5177
43,5,80,3.2268,0.1396,0.515
43,6,22,3.1812,0.0965,0.5004
43,7,43,3.1728,0.1006,0.4989
43,8,6,3.1853,0.0653,0.4982
43,9,56,3.176,0.085,0.4981
43,10,44,3.1747,0.0775,0.4971
89,1,3,3.4764,0.1007,0.5673
89,2,56,3.2593,0.1154,0.5199
89,3,47,3.2592,0.0807,0.5164
89,4,64,3.2405,0.0946,0.5136
89,5,39,3.2364,0.093,0.5125
89,6,21,3.2275,0.0797,0.5091
89,7,23,3.2041,0.1031,0.5062
89,8,60,3.1869,0.1102,0.5031
89,9,80,3.1857,0.0866,0.5004
89,10,49,3.1833,0.0835,0.4996
103,1,64,3.3912,0.0675,0.5448
103,2,80,3.2802,0.1289,0.5259
103,3,23,3.2431,0.0822,0.5129
103,4,78,3.2356,0.0794,0.511
103,5,56,3.2378,0.0703,0.5105
103,6,60,3.1703,0.1212,0.5004
103,7,13,3.1488,0.1013,0.4936
103,8,43,3.1313,0.1008,0.4896
103,9,39,3.1298,0.086,0.4878
103,10,76,3.1229,0.0815,0.4858
61,1,60,3.016,0.1626,0.4699
61,2,21,3.0392,0.0935,0.4682
61,3,3,3.0383,0.0937,0.468
61,4,56,3.0243,0.1014,0.4656
61,5,28,3.0334,0.0787,0.4654
61,6,47,3.0287,0.0786,0.4643
61,7,58,2.9968,0.0756,0.4568
61,8,39,2.9735,0.1124,0.4553
61,9,44,2.9951,0.0606,0.4549
61,10,80,2.9858,0.0614,0.453
48,1,64,3.206,0.1012,0.5065
48,2,3,3.1728,0.1081,0.4997
48,3,21,3.1869,0.0543,0.4975
48,4,68,3.1801,0.0682,0.4973
48,5,76,3.1566,0.0859,0.4938
48,6,49,3.1582,0.0613,0.4917
48,7,60,3.1287,0.1138,0.4903
48,8,56,3.1216,0.0701,0.4844
48,9,43,3.108,0.0899,0.4833
48,10,28,3.1025,0.0783,0.4809
132,1,3,3.566,0.1116,0.5885
132,2,80,3.5437,0.1004,0.5824
132,3,64,3.5434,0.0971,0.582
132,4,43,3.464,0.1089,0.5653
132,5,23,3.4748,0.0799,0.5648
132,6,28,3.4616,0.1098,0.5648
132,7,78,3.4543,0.0832,0.5605
132,8,60,3.425,0.1033,0.556
132,9,68,3.4236,0.0672,0.552
132,10,39,3.4241,0.0605,0.5515
111,1,3,3.6055,0.1096,0.5972
111,2,64,3.4705,0.092,0.5651
111,3,46,3.3705,0.2396,0.5573
111,4,49,3.4173,0.1234,0.5562
111,5,78,3.4197,0.09,0.5534
111,6,56,3.4067,0.1086,0.5524
111,7,60,3.3882,0.1089,0.5482
111,8,44,3.3509,0.1634,0.5453
111,9,23,3.3694,0.1162,0.5447
111,10,43,3.3693,0.1161,0.5447
56,1,3,3.5551,0.0996,0.5849
56,2,47,3.5403,0.1225,0.5838
56,3,43,3.5381,0.1065,0.5817
56,4,14,3.537,0.0762,0.5784
56,5,64,3.5472,0.0503,0.5781
56,6,56,3.5121,0.0854,0.5738
56,7,89,3.4914,0.092,0.5698
56,8,21,3.4736,0.0966,0.5662
56,9,69,3.4736,0.0787,0.5644
56,10,46,3.4566,0.062,0.5589
98,1,3,3.2114,0.0906,0.5066
98,2,44,3.1308,0.1148,0.4909
98,3,78,3.1,0.0832,0.4808
98,4,23,3.1037,0.0571,0.479
98,5,49,3.0948,0.0646,0.4778
98,6,1,3.0723,0.1059,0.4769
98,7,13,3.0726,0.0988,0.4762
98,8,80,3.0545,0.0967,0.4719
98,9,60,3.0411,0.1141,0.4707
98,10,39,3.0412,0.0966,0.4689
26,1,39,3.5398,0.0918,0.5806
26,2,78,3.518,0.0875,0.5753
26,3,43,3.4749,0.1076,0.5676
26,4,3,3.4477,0.0928,0.56
26,5,60,3.438,0.1061,0.5592
26,6,64,3.4525,0.0683,0.5586
26,7,47,3.4356,0.0823,0.5563
26,8,56,3.4306,0.0872,0.5556
26,9,23,3.4291,0.0631,0.5529
26,10,21,3.4169,0.0606,0.5499
80,1,3,3.5978,0.1095,0.5954
80,2,23,3.5646,0.0832,0.5854
80,3,56,3.5531,0.0986,0.5843
80,4,64,3.5403,0.053,0.5769
80,5,80,3.5047,0.1114,0.5747
80,6,78,3.465,0.1047,0.5651
80,7,76,3.468,0.0645,0.5617
80,8,43,3.4325,0.1048,0.5578
80,9,21,3.4395,0.0763,0.5565
80,10,44,3.43,0.0661,0.5534
6,1,3,3.2747,0.1481,0.5266
6,2,80,3.2869,0.0942,0.524
6,3,28,3.2009,0.084,0.5036
6,4,60,3.15,0.114,0.4952
6,5,64,3.1683,0.0522,0.4931
6,6,16,3.1405,0.0696,0.4886
6,7,23,3.1195,0.0892,0.4858
6,8,76,3.1209,0.0725,0.4845
6,9,46,3.1185,0.0561,0.4823
6,10,14,3.0984,0.0793,0.4801
36,1,3,3.9268,0.1195,0.6705
36,2,64,3.8511,0.0669,0.6482
36,3,78,3.7804,0.0862,0.6342
36,4,21,3.7825,0.0754,0.6336
36,5,47,3.7387,0.1374,0.6299
36,6,23,3.7264,0.0935,0.6228
36,7,43,3.6706,0.0984,0.6107
36,8,28,3.6588,0.0823,0.6065
36,9,76,3.6265,0.0898,0.5999
36,10,86,3.6094,0.1223,0.5994
121,1,80,3.4314,0.1184,0.5589
121,2,39,3.3377,0.0807,0.5341
121,3,23,3.3274,0.0967,0.5333
121,4,64,3.3097,0.0673,0.5264
121,5,56,3.2859,0.0714,0.5215
121,6,47,3.2549,0.0772,0.5151
121,7,21,3.2416,0.0977,0.5141
121,8,94,3.242,0.0866,0.5131
121,9,78,3.2256,0.089,0.5097
121,10,60,3.1926,0.1108,0.5044
78,1,80,3.1106,0.2533,0.5002
78,2,3,3.1441,0.0977,0.4922
78,3,43,3.0736,0.0794,0.4745
78,4,64,3.0798,0.0583,0.4738
78,5,28,3.0711,0.0436,0.4704
78,6,39,3.0026,0.1884,0.4694
78,7,13,2.9998,0.1894,0.4689
78,8,76,3.0538,0.0312,0.4652
78,9,44,3.0294,0.0449,0.4611
78,10,23,2.9922,0.1155,0.4598
46,1,64,3.6877,0.0547,0.6102
46,2,3,3.6596,0.1023,0.6086
46,3,28,3.6158,0.0969,0.5982
46,4,21,3.5543,0.0834,0.5831
46,5,78,3.534,0.1116,0.5813
46,6,43,3.5282,0.1115,0.58
46,7,56,3.5293,0.0838,0.5775
46,8,23,3.5226,0.0746,0.575
46,9,80,3.5007,0.1149,0.5741
46,10,1,3.4806,0.1083,0.569
49,1,3,3.5081,0.105,0.5748
49,2,64,3.518,0.0557,0.5721
49,3,49,3.432,0.065,0.5537
49,4,39,3.3891,0.0908,0.5466
49,5,80,3.395,0.0674,0.5456
49,6,60,3.3478,0.1016,0.5384
49,7,1,3.3605,0.0696,0.5381
49,8,78,3.3244,0.0987,0.5329
49,9,33,3.3032,0.0669,0.5249
49,10,24,3.291,0.0699,0.5225
33,1,64,4.0643,0.0658,0.6961
33,2,3,3.9798,0.139,0.6843
33,3,56,3.9686,0.1016,0.6781
33,4,78,3.9545,0.1211,0.6769
33,5,23,3.9478,0.0863,0.6719
33,6,21,3.9508,0.0618,0.6701
33,7,28,3.9049,0.1342,0.667
33,8,47,3.8989,0.116,0.6639
33,9,76,3.8769,0.1013,0.6574
33,10,43,3.839,0.1379,0.6526
35,1,3,3.0267,0.087,0.4647
35,2,78,3.0342,0.0661,0.4643
35,3,47,3.011,0.0756,0.46
35,4,28,2.9867,0.0807,0.4551
35,5,46,2.9265,0.1774,0.4512
35,6,64,2.9555,0.0705,0.447
35,7,60,2.8963,0.0995,0.4366
35,8,21,2.9151,0.0505,0.436
35,9,39,2.8617,0.0701,0.4259
35,10,56,2.8419,0.1003,0.4245
37,1,3,3.3291,0.0769,0.5317
37,2,78,3.2436,0.0694,0.5118
37,3,43,3.1807,0.1342,0.5041
37,4,64,3.1838,0.0823,0.4996
37,5,21,3.1758,0.0501,0.4946
37,6,23,3.1243,0.0784,0.4858
37,7,89,3.1005,0.0756,0.4802
37,8,56,3.0724,0.1127,0.4776
37,9,80,3.0967,0.0567,0.4774
37,10,46,3.0175,0.1731,0.4713
85,1,3,3.4909,0.097,0.5702
85,2,80,3.4223,0.1007,0.5551
85,3,78,3.3985,0.0744,0.5471
85,4,23,3.386,0.0947,0.5463
85,5,64,3.3868,0.0823,0.5453
85,6,6,3.3575,0.086,0.539
85,7,43,3.3346,0.1315,0.5384
85,8,33,3.3458,0.0866,0.5365
85,9,47,3.3089,0.1206,0.5316
85,10,60,3.3119,0.1145,0.5316
147,1,3,3.4606,0.0901,0.5626
147,2,64,3.4503,0.0951,0.5608
147,3,80,3.4205,0.1006,0.5547
147,4,78,3.4223,0.0711,0.5521
147,5,39,3.3596,0.0869,0.5396
147,6,46,3.3504,0.105,0.5394
147,7,21,3.3085,0.1215,0.5316
147,8,49,3.3146,0.0985,0.5306
147,9,28,3.2894,0.0903,0.5242
147,10,47,3.2771,0.0896,0.5213
142,1,43,3.2921,0.1096,0.5267
142,2,64,3.2932,0.0785,0.5238
142,3,28,3.272,0.0859,0.5198
142,4,3,3.222,0.1198,0.5119
142,5,44,3.1872,0.0952,0.5016
142,6,23,3.1865,0.0901,0.501
142,7,13,3.1475,0.1424,0.4974
142,8,86,3.1302,0.099,0.4892
142,9,14,3.1126,0.1222,0.4876
142,10,39,3.1206,0.1037,0.4875
108,1,3,3.306,0.091,0.5279
108,2,64,3.2527,0.0864,0.5155
108,3,80,3.2396,0.0895,0.5129
108,4,23,3.1345,0.0629,0.4866
108,5,49,3.1037,0.0802,0.4813
108,6,43,3.083,0.1207,0.4807
108,7,33,3.0912,0.0808,0.4786
108,8,44,3.0605,0.0849,0.4721
108,9,28,3.0525,0.0889,0.4707
108,10,91,3.0239,0.1194,0.4673
115,1,64,3.4181,0.0885,0.5529
115,2,80,3.372,0.0925,0.543
115,3,3,3.3297,0.1179,0.536
115,4,44,3.327,0.0826,0.5318
115,5,58,3.3125,0.0908,0.5294
115,6,43,3.2963,0.1175,0.5284
115,7,39,3.3122,0.0729,0.5275
115,8,49,3.2923,0.0883,0.5246
115,9,56,3.2757,0.1023,0.5223
115,10,78,3.2679,0.106,0.5209
14,1,64,3.7492,0.078,0.6264
14,2,3,3.686,0.0948,0.6138
14,3,60,3.6344,0.0964,0.6024
14,4,43,3.6237,0.0771,0.598
14,5,76,3.6269,0.067,0.5978
14,6,49,3.6239,0.0553,0.5959
14,7,47,3.6002,0.1053,0.5956
14,8,23,3.5968,0.0885,0.5931
14,9,24,3.5662,0.1016,0.5876
14,10,28,3.5753,0.0794,0.5874
150,1,64,3.9713,0.0706,0.6756
150,2,80,3.9144,0.1063,0.6664
150,3,56,3.854,0.0997,0.6521
150,4,28,3.8497,0.0775,0.6489
150,5,76,3.7833,0.1267,0.6389
150,6,78,3.7848,0.1057,0.6372
150,7,21,3.7999,0.0703,0.637
150,8,23,3.7738,0.0855,0.6327
150,9,22,3.7343,0.092,0.6244
150,10,47,3.6903,0.1484,0.6202
22,1,64,3.4355,0.0539,0.5534
22,2,78,3.3733,0.1196,0.546
22,3,47,3.385,0.0829,0.5449
22,4,43,3.3651,0.089,0.541
22,5,93,3.3539,0.0512,0.5347
22,6,46,3.3351,0.084,0.5338
22,7,60,3.2993,0.153,0.5326
22,8,94,3.3196,0.0947,0.5314
22,9,76,3.3144,0.1002,0.5308
22,10,23,3.3266,0.0716,0.5306
62,1,3,3.4192,0.0878,0.5531
62,2,64,3.4047,0.0699,0.548
62,3,28,3.4033,0.068,0.5475
62,4,23,3.3771,0.0751,0.5424
62,5,78,3.3581,0.0969,0.5403
62,6,80,3.3363,0.0841,0.5341
62,7,47,3.2955,0.127,0.5292
62,8,93,3.2879,0.0675,0.5215
62,9,44,3.2495,0.0821,0.5143
62,10,46,3.2396,0.0607,0.51
114,1,3,3.6592,0.1155,0.6099
114,2,64,3.5368,0.0824,0.579
114,3,56,3.5058,0.1,0.5738
114,4,60,3.4673,0.1097,0.5661
114,5,58,3.4572,0.0913,0.562
114,6,78,3.4501,0.1024,0.5615
114,7,43,3.45,0.0867,0.5599
114,8,23,3.4477,0.0876,0.5595
114,9,39,3.444,0.0794,0.5578
114,10,28,3.4268,0.0724,0.5533
104,1,64,3.5568,0.0725,0.5825
104,2,78,3.5173,0.0987,0.5763
104,3,23,3.4433,0.1001,0.5597
104,4,28,3.4191,0.0801,0.5523
104,5,49,3.3733,0.1072,0.5447
104,6,47,3.3684,0.1037,0.5433
104,7,56,3.3558,0.0813,0.5382
104,8,80,3.3471,0.0817,0.5363
104,9,39,3.3265,0.0841,0.5319
104,10,93,3.3335,0.0589,0.5309
8,1,28,3.6204,0.0835,0.5979
8,2,64,3.6198,0.073,0.5968
8,3,3,3.5715,0.1116,0.5897
8,4,78,3.5454,0.0847,0.5812
8,5,47,3.4652,0.1092,0.5656
8,6,1,3.4633,0.1079,0.565
8,7,23,3.4813,0.0655,0.5649
8,8,80,3.4635,0.0836,0.5627
8,9,14,3.4268,0.1385,0.5599
8,10,69,3.4486,0.0784,0.5588
15,1,3,2.9477,0.1109,0.4493
15,2,23,2.8936,0.0911,0.4352
15,3,93,2.8648,0.0872,0.4283
15,4,80,2.8332,0.1051,0.423
15,5,47,2.8285,0.1082,0.4222
15,6,78,2.8143,0.1,0.4182
15,7,76,2.7976,0.0832,0.4128
15,8,32,2.782,0.1023,0.4112
15,9,28,2.7612,0.0915,0.4054
15,10,43,2.72,0.1069,0.3977
96,1,43,3.3731,0.1177,0.5457
96,2,47,3.3733,0.088,0.5428
96,3,64,3.3223,0.069,0.5294
96,4,56,3.2789,0.084,0.5211
96,5,89,3.2646,0.1003,0.5196
96,6,80,3.2455,0.1306,0.5183
96,7,69,3.2485,0.1156,0.5175
96,8,23,3.2431,0.0987,0.5146
96,9,39,3.2454,0.0935,0.5146
96,10,44,3.2456,0.0928,0.5145
28,1,69,3.1552,0.0458,0.4895
28,2,80,3.1166,0.083,0.4845
28,3,3,3.0886,0.0881,0.4787
28,4,64,3.0887,0.0618,0.4761
28,5,43,3.0722,0.0959,0.4758
28,6,46,3.0532,0.1036,0.4723
28,7,60,3.047,0.0941,0.47
28,8,23,3.0403,0.0476,0.4638
28,9,28,3.031,0.0538,0.4624
28,10,56,3.015,0.0838,0.4618
67,1,3,3.8742,0.1146,0.6582
67,2,78,3.8125,0.1003,0.6429
67,3,56,3.8118,0.0843,0.6411
67,4,64,3.8094,0.0774,0.6399
67,5,43,3.7562,0.0936,0.6295
67,6,69,3.7177,0.0828,0.6198
67,7,80,3.7021,0.117,0.6197
67,8,23,3.7085,0.0746,0.6169
67,9,46,3.7082,0.0648,0.6158
67,10,21,3.6752,0.1126,0.6132
113,1,80,3.5651,0.1018,0.5873
113,2,3,3.5501,0.0862,0.5824
113,3,64,3.4618,0.0693,0.5608
113,4,1,3.4242,0.0853,0.554
113,5,60,3.4073,0.095,0.5511
113,6,28,3.4012,0.064,0.5467
113,7,43,3.3698,0.1062,0.5438
113,8,78,3.3389,0.0911,0.5354
113,9,21,3.3154,0.1022,0.5312
113,10,47,3.3075,0.1177,0.531
47,1,3,3.5585,0.1119,0.5869
47,2,80,3.5515,0.0903,0.5831
47,3,28,3.5308,0.0889,0.5783
47,4,64,3.5034,0.0746,0.5707
47,5,21,3.495,0.0832,0.5697
47,6,47,3.4724,0.1036,0.5666
47,7,23,3.4278,0.0585,0.5521
47,8,60,3.3888,0.0987,0.5474
47,9,93,3.3937,0.0866,0.5472
47,10,76,3.3912,0.0843,0.5464
1,1,3,3.3496,0.1017,0.5388
1,2,64,3.3579,0.0405,0.5346
1,3,43,3.2948,0.097,0.526
1,4,80,3.2788,0.0876,0.5215
1,5,47,3.1775,0.1579,0.5057
1,6,56,3.1821,0.1208,0.5031
1,7,22,3.1904,0.0868,0.5015
1,8,60,3.1607,0.1413,0.5003
1,9,39,3.1758,0.0994,0.4995
1,10,1,3.1748,0.0875,0.4981
66,1,64,3.691,0.0807,0.6136
66,2,78,3.6699,0.121,0.6128
66,3,3,3.6303,0.1104,0.6029
66,4,28,3.6473,0.0721,0.6028
66,5,56,3.6297,0.1086,0.6025
66,6,43,3.5938,0.0962,0.5932
66,7,21,3.5695,0.1428,0.5924
66,8,16,3.5542,0.1149,0.5862
66,9,94,3.559,0.0887,0.5846
66,10,14,3.556,0.0812,0.5832
120,1,64,3.7796,0.0751,0.6329
120,2,3,3.7272,0.1111,0.6247
120,3,21,3.6693,0.111,0.6117
120,4,47,3.666,0.0873,0.6086
120,5,56,3.6167,0.0982,0.5986
120,6,86,3.6067,0.1175,0.5982
120,7,43,3.611,0.104,0.5979
120,8,28,3.5966,0.0991,0.5942
120,9,13,3.6019,0.0794,0.5934
120,10,76,3.5962,0.0876,0.5929
129,1,3,3.4343,0.1281,0.5605
129,2,80,3.3935,0.0813,0.5467
129,3,39,3.3334,0.069,0.5319
129,4,47,3.3046,0.0872,0.5273
129,5,56,3.2879,0.1074,0.5255
129,6,43,3.2844,0.1133,0.5253
129,7,64,3.2987,0.073,0.5245
129,8,44,3.27,0.1006,0.5208
129,9,46,3.2577,0.0989,0.5179
129,10,28,3.2668,0.0693,0.517
69,1,3,3.5598,0.0872,0.5847
69,2,80,3.5248,0.067,0.5748
69,3,47,3.4814,0.1245,0.5708
69,4,64,3.5028,0.0687,0.57
69,5,39,3.4971,0.0779,0.5696
69,6,56,3.4815,0.092,0.5675
69,7,60,3.4735,0.082,0.5647
69,8,28,3.4369,0.0667,0.555
69,9,23,3.4202,0.0551,0.55
69,10,21,3.4036,0.064,0.5472
45,1,3,3.4322,0.1596,0.5632
45,2,21,3.4544,0.0632,0.5586
45,3,87,3.3537,0.0778,0.5373
45,4,33,3.3499,0.0641,0.5351
45,5,64,3.3507,0.0618,0.5351
45,6,47,3.3216,0.0894,0.5313
45,7,56,3.319,0.0858,0.5304
45,8,78,3.3041,0.1043,0.5289
45,9,93,3.2901,0.1035,0.5256
45,10,89,3.2818,0.0891,0.5223
29,1,64,3.1818,0.0,0.4909
29,2,78,3.1517,0.0,0.4841
29,3,43,3.146,0.0,0.4829
29,4,23,3.0892,0.0,0.4701
29,5,44,3.0843,0.0,0.469
29,6,39,3.081,0.0,0.4682
29,7,28,3.0704,0.0,0.4658
29,8,46,3.0652,0.0,0.4647
29,9,3,3.0602,0.0,0.4636
29,10,13,3.0438,0.0,0.4599
106,1,64,3.5065,0.0906,0.573
106,2,3,3.4668,0.0983,0.5649
106,3,23,3.3896,0.0966,0.5473
106,4,21,3.394,0.0569,0.5443
106,5,78,3.359,0.1173,0.5425
106,6,80,3.3597,0.111,0.542
106,7,28,3.3472,0.115,0.5396
106,8,44,3.3331,0.0784,0.5328
106,9,49,3.2951,0.0741,0.5238
106,10,94,3.2925,0.0689,0.5227
53,1,3,3.3626,0.0874,0.5403
53,2,64,3.1592,0.0362,0.4894
53,3,60,3.0889,0.1109,0.4811
53,4,78,3.0734,0.1016,0.4767
53,5,43,3.0716,0.1002,0.4761
53,6,47,3.0383,0.1319,0.4718
53,7,46,3.0611,0.0694,0.4707
53,8,28,3.0629,0.0514,0.4693
53,9,44,3.0314,0.1107,0.4681
53,10,76,2.9955,0.1158,0.4606
55,1,3,3.351,0.1653,0.5455
55,2,80,3.2846,0.1074,0.5248
55,3,64,3.3025,0.0381,0.5219
55,4,78,3.2077,0.1231,0.509
55,5,28,3.2302,0.0639,0.5082
55,6,60,3.1846,0.0815,0.4997
55,7,43,3.1966,0.0486,0.4991
55,8,76,3.1746,0.0518,0.4945
55,9,49,3.1607,0.0646,0.4926
55,10,21,3.1513,0.0503,0.4891
119,1,49,3.0303,0.083,0.4651
119,2,47,2.9508,0.2481,0.4637
119,3,78,3.0427,0.0321,0.4628
119,4,3,3.0138,0.0923,0.4623
119,5,21,3.036,0.0155,0.4596
119,6,23,3.0039,0.0825,0.4591
119,7,64,2.9621,0.0891,0.4504
119,8,28,2.9687,0.0683,0.4498
119,9,43,2.9343,0.1047,0.4457
119,10,33,2.9168,0.1421,0.4455
60,1,3,3.5685,0.095,0.5874
60,2,64,3.3919,0.084,0.5466
60,3,46,3.3129,0.2402,0.5444
60,4,80,3.3673,0.0781,0.5404
60,5,78,3.3547,0.0776,0.5376
60,6,60,3.3315,0.1152,0.5361
60,7,23,3.3282,0.0727,0.5311
60,8,56,3.2603,0.1094,0.5195
60,9,28,3.2658,0.0716,0.517
60,10,33,3.2604,0.0802,0.5166
112,1,3,3.2854,0.0752,0.5217
112,2,28,3.2797,0.0701,0.5199
112,3,43,3.2017,0.0859,0.504
112,4,69,3.196,0.0994,0.504
112,5,21,3.1927,0.0642,0.4998
112,6,64,3.178,0.0743,0.4975
112,7,56,3.1495,0.0914,0.4928
112,8,60,3.1352,0.0779,0.4882
112,9,80,3.1452,0.0503,0.4877
112,10,76,3.1073,0.1144,0.4856
92,1,3,3.6225,0.105,0.6006
92,2,80,3.5567,0.074,0.5827
92,3,64,3.5317,0.0576,0.5754
92,4,44,3.4732,0.0828,0.5647
92,5,94,3.4634,0.0633,0.5606
92,6,1,3.4466,0.0981,0.5603
92,7,23,3.4578,0.0617,0.5592
92,8,60,3.4199,0.1109,0.5556
92,9,78,3.429,0.0776,0.5543
92,10,43,3.4204,0.096,0.5542
50,1,3,3.5562,0.0999,0.5851
50,2,28,3.5456,0.0671,0.5795
50,3,47,3.5134,0.0994,0.5755
50,4,64,3.5219,0.0579,0.5732
50,5,39,3.4941,0.0973,0.5709
50,6,80,3.4887,0.0688,0.5668
50,7,56,3.4664,0.1047,0.5654
50,8,1,3.3819,0.0801,0.5439
50,9,23,3.3691,0.0758,0.5406
50,10,49,3.3635,0.0762,0.5394
51,1,47,3.4819,0.0812,0.5666
51,2,64,3.4544,0.0611,0.5584
51,3,56,3.4258,0.0755,0.5534
51,4,21,3.4146,0.0879,0.5521
51,5,23,3.3942,0.0988,0.5486
51,6,28,3.3672,0.1227,0.5449
51,7,46,3.3898,0.0716,0.5449
51,8,39,3.3636,0.0921,0.541
51,9,14,3.3509,0.0983,0.5388
51,10,49,3.3406,0.0827,0.5349
